status_id,status_name,status_group,project_id,project_name,discipline_id,discipline_name,total_deliverables,overdue_deliverables,deliverables_with_quality_issues,average_current_overdue_days,average_days_under_review
STAT-007,Cancelled,Closed,PRJ-006,Engineering Project 06,DISC-003,Electrical,3,0,2,0.00,
STAT-005,Rejected,Review,PRJ-011,Engineering Project 11,DISC-002,Mechanical,14,14,14,210.93,
STAT-002,In Progress,Open,PRJ-006,Engineering Project 06,DISC-006,Project Management,37,37,37,361.41,
STAT-006,Delayed,Open,PRJ-009,Engineering Project 09,DISC-005,Civil,13,13,13,255.46,
STAT-004,Approved,Closed,PRJ-008,Engineering Project 08,DISC-005,Civil,65,0,18,0.00,
STAT-005,Rejected,Review,PRJ-009,Engineering Project 09,DISC-002,Mechanical,9,9,9,189.33,
STAT-001,Not Started,Open,PRJ-001,Engineering Project 01,DISC-003,Electrical,18,18,18,377.00,
STAT-004,Approved,Closed,PRJ-011,Engineering Project 11,DISC-001,Process,54,0,13,0.00,
STAT-004,Approved,Closed,PRJ-013,Engineering Project 13,DISC-004,Automation,67,0,20,0.00,
STAT-001,Not Started,Open,PRJ-008,Engineering Project 08,DISC-002,Mechanical,16,16,16,294.00,
STAT-001,Not Started,Open,PRJ-003,Engineering Project 03,DISC-002,Mechanical,20,20,20,375.20,
STAT-006,Delayed,Open,PRJ-004,Engineering Project 04,DISC-002,Mechanical,12,12,12,300.33,
STAT-006,Delayed,Open,PRJ-004,Engineering Project 04,DISC-004,Automation,19,19,19,332.79,
STAT-007,Cancelled,Closed,PRJ-006,Engineering Project 06,DISC-006,Project Management,3,0,0,0.00,
STAT-007,Cancelled,Closed,PRJ-003,Engineering Project 03,DISC-005,Civil,4,0,0,0.00,
STAT-006,Delayed,Open,PRJ-013,Engineering Project 13,DISC-002,Mechanical,14,14,14,191.36,
STAT-999,Invalid Status,Invalid Status,PRJ-008,Engineering Project 08,DISC-003,Electrical,2,0,2,0.00,
STAT-005,Rejected,Review,PRJ-003,Engineering Project 03,DISC-005,Civil,9,9,9,352.33,
STAT-999,Invalid Status,Invalid Status,PRJ-012,Engineering Project 12,DISC-006,Project Management,3,0,3,0.00,
STAT-999,Invalid Status,Invalid Status,PRJ-014,Engineering Project 14,DISC-005,Civil,2,0,2,0.00,
STAT-999,Invalid Status,Invalid Status,PRJ-013,Engineering Project 13,DISC-005,Civil,2,0,2,0.00,
STAT-003,Under Review,Review,PRJ-011,Engineering Project 11,DISC-006,Project Management,28,28,28,215.14,227.64
STAT-007,Cancelled,Closed,PRJ-003,Engineering Project 03,DISC-002,Mechanical,5,0,2,0.00,
STAT-999,Invalid Status,Invalid Status,PRJ-007,Engineering Project 07,DISC-002,Mechanical,1,0,1,0.00,
STAT-005,Rejected,Review,PRJ-007,Engineering Project 07,DISC-005,Civil,15,15,15,275.80,
STAT-004,Approved,Closed,PRJ-014,Engineering Project 14,DISC-002,Mechanical,65,0,19,0.00,
STAT-001,Not Started,Open,PRJ-017,Engineering Project 17,DISC-004,Automation,48,4,48,14.25,
STAT-007,Cancelled,Closed,PRJ-004,Engineering Project 04,DISC-002,Mechanical,2,0,0,0.00,
STAT-007,Cancelled,Closed,PRJ-017,Engineering Project 17,DISC-001,Process,4,0,4,0.00,
STAT-002,In Progress,Open,PRJ-013,Engineering Project 13,,,9,9,9,151.33,
STAT-004,Approved,Closed,PRJ-004,Engineering Project 04,,,8,0,8,0.00,
STAT-005,Rejected,Review,PRJ-011,Engineering Project 11,DISC-004,Automation,12,12,12,280.00,
STAT-004,Approved,Closed,PRJ-015,Engineering Project 15,DISC-006,Project Management,47,0,11,0.00,
STAT-002,In Progress,Open,PRJ-006,Engineering Project 06,,,4,4,4,389.50,
STAT-004,Approved,Closed,PRJ-012,Engineering Project 12,,,9,0,9,0.00,
STAT-001,Not Started,Open,PRJ-004,Engineering Project 04,DISC-005,Civil,16,16,16,352.25,
STAT-006,Delayed,Open,PRJ-003,Engineering Project 03,DISC-004,Automation,18,18,18,378.50,
STAT-002,In Progress,Open,PRJ-001,Engineering Project 01,DISC-004,Automation,30,30,30,395.47,
STAT-005,Rejected,Review,PRJ-005,Engineering Project 05,DISC-001,Process,12,12,12,353.83,
STAT-004,Approved,Closed,PRJ-014,Engineering Project 14,DISC-004,Automation,67,0,23,0.00,
STAT-004,Approved,Closed,PRJ-006,Engineering Project 06,DISC-003,Electrical,62,0,20,0.00,
STAT-004,Approved,Closed,PRJ-016,Engineering Project 16,DISC-004,Automation,57,0,27,0.00,
STAT-002,In Progress,Open,PRJ-011,Engineering Project 11,DISC-002,Mechanical,32,32,32,247.72,
STAT-004,Approved,Closed,PRJ-013,Engineering Project 13,,,8,0,8,0.00,
STAT-005,Rejected,Review,PRJ-004,Engineering Project 04,DISC-005,Civil,14,14,14,360.50,
STAT-004,Approved,Closed,PRJ-011,Engineering Project 11,DISC-004,Automation,55,0,17,0.00,
STAT-999,Invalid Status,Invalid Status,PRJ-006,Engineering Project 06,DISC-002,Mechanical,3,0,3,0.00,
STAT-001,Not Started,Open,PRJ-011,Engineering Project 11,DISC-001,Process,14,14,14,205.00,
STAT-003,Under Review,Review,PRJ-014,Engineering Project 14,DISC-005,Civil,25,25,25,126.52,139.28
STAT-005,Rejected,Review,PRJ-018,Engineering Project 18,DISC-005,Civil,8,8,8,123.38,
STAT-003,Under Review,Review,PRJ-008,Engineering Project 08,DISC-003,Electrical,44,44,44,232.20,244.84
STAT-005,Rejected,Review,PRJ-016,Engineering Project 16,DISC-006,Project Management,8,8,8,123.50,
STAT-003,Under Review,Review,PRJ-015,Engineering Project 15,DISC-001,Process,18,15,17,122.67,135.72
STAT-006,Delayed,Open,PRJ-002,Engineering Project 02,DISC-005,Civil,15,15,15,298.67,
STAT-001,Not Started,Open,PRJ-003,Engineering Project 03,DISC-001,Process,8,8,8,396.38,
STAT-003,Under Review,Review,PRJ-009,Engineering Project 09,DISC-001,Process,27,27,27,189.11,201.26
STAT-003,Under Review,Review,PRJ-018,Engineering Project 18,,,2,2,2,133.50,143.00
STAT-002,In Progress,Open,PRJ-006,Engineering Project 06,DISC-001,Process,32,32,32,361.41,
STAT-006,Delayed,Open,PRJ-006,Engineering Project 06,DISC-001,Process,24,24,24,360.92,
STAT-005,Rejected,Review,PRJ-017,Engineering Project 17,DISC-004,Automation,9,9,9,183.33,
STAT-005,Rejected,Review,PRJ-011,Engineering Project 11,,,2,2,2,341.50,
STAT-001,Not Started,Open,PRJ-015,Engineering Project 15,DISC-003,Electrical,51,15,22,38.04,
STAT-002,In Progress,Open,PRJ-018,Engineering Project 18,DISC-005,Civil,29,19,29,117.41,
STAT-002,In Progress,Open,PRJ-010,Engineering Project 10,DISC-001,Process,33,33,33,261.64,
STAT-001,Not Started,Open,PRJ-005,Engineering Project 05,DISC-002,Mechanical,6,6,6,313.67,
STAT-005,Rejected,Review,PRJ-010,Engineering Project 10,DISC-003,Electrical,18,18,18,203.72,
STAT-999,Invalid Status,Invalid Status,PRJ-008,Engineering Project 08,DISC-005,Civil,3,0,3,0.00,
STAT-007,Cancelled,Closed,PRJ-003,Engineering Project 03,DISC-004,Automation,5,0,3,0.00,
STAT-007,Cancelled,Closed,PRJ-004,Engineering Project 04,DISC-004,Automation,2,0,1,0.00,
STAT-002,In Progress,Open,PRJ-014,Engineering Project 14,DISC-005,Civil,26,22,23,150.31,
STAT-004,Approved,Closed,PRJ-006,Engineering Project 06,,,7,0,7,0.00,
STAT-999,Invalid Status,Invalid Status,PRJ-008,Engineering Project 08,DISC-004,Automation,3,0,3,0.00,
STAT-001,Not Started,Open,PRJ-009,Engineering Project 09,DISC-002,Mechanical,22,21,21,258.45,
STAT-004,Approved,Closed,PRJ-009,Engineering Project 09,DISC-004,Automation,59,0,23,0.00,
STAT-007,Cancelled,Closed,PRJ-006,Engineering Project 06,,,1,0,1,0.00,
STAT-005,Rejected,Review,PRJ-004,Engineering Project 04,DISC-006,Project Management,20,20,20,349.60,
STAT-007,Cancelled,Closed,PRJ-011,Engineering Project 11,DISC-003,Electrical,6,0,0,0.00,
STAT-004,Approved,Closed,PRJ-010,Engineering Project 10,DISC-005,Civil,57,0,20,0.00,
STAT-999,Invalid Status,Invalid Status,PRJ-004,Engineering Project 04,DISC-002,Mechanical,3,0,3,0.00,
STAT-001,Not Started,Open,PRJ-005,Engineering Project 05,DISC-003,Electrical,22,22,22,283.36,
STAT-002,In Progress,Open,PRJ-015,Engineering Project 15,DISC-004,Automation,36,22,23,90.58,
STAT-006,Delayed,Open,PRJ-008,Engineering Project 08,DISC-002,Mechanical,20,20,20,304.30,
STAT-999,Invalid Status,Invalid Status,PRJ-017,Engineering Project 17,DISC-005,Civil,1,0,1,0.00,
STAT-003,Under Review,Review,PRJ-012,Engineering Project 12,DISC-002,Mechanical,32,31,32,178.66,190.97
STAT-006,Delayed,Open,PRJ-009,Engineering Project 09,DISC-006,Project Management,14,14,14,161.57,
STAT-007,Cancelled,Closed,PRJ-004,Engineering Project 04,DISC-003,Electrical,9,0,3,0.00,
STAT-004,Approved,Closed,PRJ-013,Engineering Project 13,DISC-006,Project Management,60,0,12,0.00,
STAT-004,Approved,Closed,PRJ-003,Engineering Project 03,DISC-001,Process,66,0,18,0.00,
STAT-006,Delayed,Open,PRJ-011,Engineering Project 11,DISC-004,Automation,20,20,20,197.95,
STAT-006,Delayed,Open,PRJ-003,Engineering Project 03,DISC-005,Civil,15,15,15,366.00,
STAT-006,Delayed,Open,PRJ-012,Engineering Project 12,DISC-006,Project Management,21,21,21,175.57,
STAT-001,Not Started,Open,PRJ-011,Engineering Project 11,DISC-002,Mechanical,18,18,18,214.11,
STAT-999,Invalid Status,Invalid Status,PRJ-007,Engineering Project 07,DISC-004,Automation,1,0,1,0.00,
STAT-003,Under Review,Review,PRJ-002,Engineering Project 02,DISC-004,Automation,25,25,25,276.76,289.36
STAT-001,Not Started,Open,PRJ-009,Engineering Project 09,DISC-001,Process,12,11,11,238.58,
STAT-003,Under Review,Review,PRJ-007,Engineering Project 07,DISC-002,Mechanical,31,31,31,328.26,342.55
STAT-999,Invalid Status,Invalid Status,PRJ-004,Engineering Project 04,DISC-005,Civil,2,0,2,0.00,
STAT-003,Under Review,Review,PRJ-017,Engineering Project 17,DISC-002,Mechanical,22,21,22,133.82,144.14
STAT-005,Rejected,Review,PRJ-001,Engineering Project 01,,,2,2,2,430.50,
STAT-001,Not Started,Open,PRJ-007,Engineering Project 07,DISC-002,Mechanical,13,13,13,271.15,
STAT-999,Invalid Status,Invalid Status,PRJ-012,Engineering Project 12,DISC-003,Electrical,1,0,1,0.00,
STAT-003,Under Review,Review,PRJ-013,Engineering Project 13,,,3,3,3,150.00,165.33
STAT-006,Delayed,Open,PRJ-007,Engineering Project 07,DISC-003,Electrical,17,17,17,279.82,
STAT-999,Invalid Status,Invalid Status,PRJ-008,Engineering Project 08,DISC-006,Project Management,4,0,4,0.00,
STAT-001,Not Started,Open,PRJ-003,Engineering Project 03,,,2,2,2,328.00,
STAT-999,Invalid Status,Invalid Status,PRJ-001,Engineering Project 01,DISC-004,Automation,2,0,2,0.00,
STAT-006,Delayed,Open,PRJ-015,Engineering Project 15,DISC-001,Process,12,12,12,150.25,
STAT-002,In Progress,Open,PRJ-002,Engineering Project 02,DISC-005,Civil,24,24,24,289.21,
STAT-004,Approved,Closed,PRJ-005,Engineering Project 05,,,6,0,6,0.00,
STAT-003,Under Review,Review,PRJ-008,Engineering Project 08,,,2,2,2,273.50,285.50
STAT-005,Rejected,Review,PRJ-013,Engineering Project 13,DISC-004,Automation,20,20,20,175.70,
STAT-006,Delayed,Open,PRJ-007,Engineering Project 07,,,4,4,4,324.00,
STAT-004,Approved,Closed,PRJ-012,Engineering Project 12,DISC-006,Project Management,50,0,17,0.00,
STAT-002,In Progress,Open,PRJ-017,Engineering Project 17,,,10,6,10,62.80,
STAT-003,Under Review,Review,PRJ-004,Engineering Project 04,DISC-006,Project Management,41,41,41,332.71,344.12
STAT-007,Cancelled,Closed,PRJ-017,Engineering Project 17,DISC-005,Civil,2,0,2,0.00,
STAT-007,Cancelled,Closed,PRJ-007,Engineering Project 07,DISC-002,Mechanical,3,0,0,0.00,
STAT-006,Delayed,Open,PRJ-009,Engineering Project 09,DISC-004,Automation,14,14,14,228.50,
STAT-999,Invalid Status,Invalid Status,PRJ-015,Engineering Project 15,DISC-002,Mechanical,2,0,2,0.00,
STAT-002,In Progress,Open,PRJ-002,Engineering Project 02,DISC-004,Automation,37,37,37,277.68,
STAT-002,In Progress,Open,PRJ-017,Engineering Project 17,DISC-002,Mechanical,45,21,45,51.58,
STAT-001,Not Started,Open,PRJ-016,Engineering Project 16,DISC-006,Project Management,37,9,22,37.05,
STAT-003,Under Review,Review,PRJ-003,Engineering Project 03,DISC-005,Civil,29,29,29,345.07,357.93
STAT-001,Not Started,Open,PRJ-013,Engineering Project 13,DISC-006,Project Management,12,12,12,223.92,
STAT-002,In Progress,Open,PRJ-003,Engineering Project 03,DISC-005,Civil,29,29,29,387.93,
STAT-006,Delayed,Open,PRJ-005,Engineering Project 05,DISC-001,Process,20,20,20,285.40,
STAT-004,Approved,Closed,PRJ-001,Engineering Project 01,,,19,0,19,0.00,
STAT-006,Delayed,Open,PRJ-015,Engineering Project 15,DISC-004,Automation,12,12,12,209.17,
STAT-006,Delayed,Open,PRJ-017,Engineering Project 17,DISC-003,Electrical,13,13,13,147.38,
STAT-004,Approved,Closed,PRJ-009,Engineering Project 09,DISC-003,Electrical,66,0,15,0.00,
STAT-007,Cancelled,Closed,PRJ-018,Engineering Project 18,DISC-001,Process,2,0,2,0.00,
STAT-006,Delayed,Open,PRJ-003,Engineering Project 03,DISC-003,Electrical,13,13,13,326.00,
STAT-007,Cancelled,Closed,PRJ-018,Engineering Project 18,DISC-002,Mechanical,4,0,4,0.00,
STAT-005,Rejected,Review,PRJ-002,Engineering Project 02,DISC-005,Civil,13,13,13,234.23,
STAT-006,Delayed,Open,PRJ-004,Engineering Project 04,DISC-005,Civil,11,11,11,398.82,
STAT-007,Cancelled,Closed,PRJ-013,Engineering Project 13,DISC-005,Civil,1,0,0,0.00,
STAT-004,Approved,Closed,PRJ-006,Engineering Project 06,DISC-002,Mechanical,58,0,21,0.00,
STAT-003,Under Review,Review,PRJ-015,Engineering Project 15,DISC-003,Electrical,19,17,19,144.95,158.37
STAT-002,In Progress,Open,PRJ-011,Engineering Project 11,DISC-006,Project Management,32,32,32,194.13,
STAT-002,In Progress,Open,PRJ-004,Engineering Project 04,DISC-004,Automation,36,36,36,378.53,
STAT-002,In Progress,Open,PRJ-004,Engineering Project 04,DISC-001,Process,32,32,32,381.88,
STAT-001,Not Started,Open,PRJ-002,Engineering Project 02,DISC-003,Electrical,15,15,15,287.00,
STAT-002,In Progress,Open,PRJ-014,Engineering Project 14,DISC-001,Process,42,40,40,176.24,
STAT-006,Delayed,Open,PRJ-002,Engineering Project 02,DISC-003,Electrical,17,17,17,285.59,
STAT-005,Rejected,Review,PRJ-005,Engineering Project 05,DISC-002,Mechanical,25,25,25,213.44,
STAT-005,Rejected,Review,PRJ-008,Engineering Project 08,DISC-003,Electrical,20,20,20,223.45,
STAT-004,Approved,Closed,PRJ-017,Engineering Project 17,DISC-002,Mechanical,28,0,28,0.00,
STAT-007,Cancelled,Closed,PRJ-009,Engineering Project 09,DISC-004,Automation,9,0,4,0.00,
STAT-001,Not Started,Open,PRJ-004,Engineering Project 04,DISC-006,Project Management,12,12,12,345.67,
STAT-005,Rejected,Review,PRJ-002,Engineering Project 02,DISC-004,Automation,15,15,15,284.73,
STAT-001,Not Started,Open,PRJ-004,Engineering Project 04,DISC-003,Electrical,15,15,15,353.60,
STAT-002,In Progress,Open,PRJ-017,Engineering Project 17,DISC-001,Process,33,14,33,73.88,
STAT-005,Rejected,Review,PRJ-012,Engineering Project 12,,,4,3,4,119.75,
STAT-999,Invalid Status,Invalid Status,PRJ-018,Engineering Project 18,DISC-003,Electrical,5,0,5,0.00,
STAT-999,Invalid Status,Invalid Status,PRJ-011,Engineering Project 11,DISC-004,Automation,1,0,1,0.00,
STAT-002,In Progress,Open,PRJ-003,Engineering Project 03,DISC-004,Automation,42,42,42,378.55,
STAT-007,Cancelled,Closed,PRJ-013,Engineering Project 13,DISC-003,Electrical,2,0,0,0.00,
STAT-004,Approved,Closed,PRJ-018,Engineering Project 18,DISC-004,Automation,36,0,36,0.00,
STAT-006,Delayed,Open,PRJ-015,Engineering Project 15,DISC-002,Mechanical,12,12,12,153.08,
STAT-006,Delayed,Open,PRJ-001,Engineering Project 01,DISC-006,Project Management,23,23,23,420.78,
STAT-002,In Progress,Open,PRJ-009,Engineering Project 09,DISC-001,Process,34,33,33,188.41,
STAT-005,Rejected,Review,PRJ-017,Engineering Project 17,DISC-006,Project Management,12,11,12,126.08,
STAT-006,Delayed,Open,PRJ-014,Engineering Project 14,DISC-006,Project Management,12,12,12,174.42,
STAT-999,Invalid Status,Invalid Status,PRJ-017,Engineering Project 17,DISC-004,Automation,6,0,6,0.00,
STAT-002,In Progress,Open,PRJ-001,Engineering Project 01,DISC-006,Project Management,30,30,30,395.67,
STAT-006,Delayed,Open,PRJ-010,Engineering Project 10,DISC-006,Project Management,16,16,16,242.19,
STAT-001,Not Started,Open,PRJ-013,Engineering Project 13,DISC-004,Automation,15,15,15,148.60,
STAT-002,In Progress,Open,PRJ-005,Engineering Project 05,DISC-002,Mechanical,42,42,42,246.88,
STAT-004,Approved,Closed,PRJ-003,Engineering Project 03,,,11,0,11,0.00,
STAT-005,Rejected,Review,PRJ-015,Engineering Project 15,DISC-002,Mechanical,13,12,13,167.00,
STAT-001,Not Started,Open,PRJ-016,Engineering Project 16,DISC-005,Civil,35,13,19,49.83,
STAT-999,Invalid Status,Invalid Status,PRJ-016,Engineering Project 16,DISC-003,Electrical,2,0,2,0.00,
STAT-006,Delayed,Open,PRJ-017,Engineering Project 17,,,1,1,1,166.00,
STAT-007,Cancelled,Closed,PRJ-001,Engineering Project 01,DISC-004,Automation,4,0,4,0.00,
STAT-006,Delayed,Open,PRJ-010,Engineering Project 10,DISC-004,Automation,23,23,23,262.87,
STAT-002,In Progress,Open,PRJ-012,Engineering Project 12,DISC-005,Civil,36,36,36,199.50,
STAT-003,Under Review,Review,PRJ-008,Engineering Project 08,DISC-005,Civil,36,36,36,247.22,259.47
STAT-004,Approved,Closed,PRJ-001,Engineering Project 01,DISC-006,Project Management,64,0,64,0.00,
STAT-007,Cancelled,Closed,PRJ-008,Engineering Project 08,DISC-005,Civil,2,0,0,0.00,
STAT-999,Invalid Status,Invalid Status,PRJ-008,Engineering Project 08,,,2,0,2,0.00,
STAT-002,In Progress,Open,PRJ-014,Engineering Project 14,DISC-002,Mechanical,34,29,30,133.32,
STAT-001,Not Started,Open,PRJ-012,Engineering Project 12,DISC-001,Process,15,15,15,203.80,
STAT-002,In Progress,Open,PRJ-008,Engineering Project 08,DISC-006,Project Management,31,31,31,283.16,
STAT-001,Not Started,Open,PRJ-014,Engineering Project 14,DISC-004,Automation,14,8,8,93.14,
STAT-005,Rejected,Review,PRJ-011,Engineering Project 11,DISC-006,Project Management,17,17,17,196.88,
STAT-004,Approved,Closed,PRJ-010,Engineering Project 10,,,9,0,9,0.00,
STAT-001,Not Started,Open,PRJ-012,Engineering Project 12,DISC-004,Automation,13,13,13,190.00,
STAT-002,In Progress,Open,PRJ-017,Engineering Project 17,DISC-003,Electrical,50,28,50,80.60,
STAT-999,Invalid Status,Invalid Status,PRJ-006,Engineering Project 06,DISC-004,Automation,3,0,3,0.00,
STAT-002,In Progress,Open,PRJ-010,Engineering Project 10,DISC-003,Electrical,38,38,38,284.08,
STAT-003,Under Review,Review,PRJ-001,Engineering Project 01,DISC-001,Process,31,31,31,386.97,400.61
STAT-005,Rejected,Review,PRJ-002,Engineering Project 02,DISC-003,Electrical,12,12,12,254.17,
STAT-001,Not Started,Open,PRJ-002,Engineering Project 02,,,4,4,4,281.75,
STAT-004,Approved,Closed,PRJ-015,Engineering Project 15,DISC-002,Mechanical,39,0,11,0.00,
STAT-999,Invalid Status,Invalid Status,PRJ-002,Engineering Project 02,DISC-004,Automation,4,0,4,0.00,
STAT-001,Not Started,Open,PRJ-006,Engineering Project 06,DISC-006,Project Management,13,13,13,346.46,
STAT-007,Cancelled,Closed,PRJ-017,Engineering Project 17,DISC-002,Mechanical,4,0,4,0.00,
STAT-006,Delayed,Open,PRJ-002,Engineering Project 02,DISC-002,Mechanical,24,24,24,256.71,
STAT-006,Delayed,Open,PRJ-003,Engineering Project 03,DISC-002,Mechanical,19,19,19,347.53,
STAT-999,Invalid Status,Invalid Status,PRJ-012,Engineering Project 12,DISC-002,Mechanical,1,0,1,0.00,
STAT-006,Delayed,Open,PRJ-011,Engineering Project 11,DISC-001,Process,16,16,16,197.00,
STAT-001,Not Started,Open,PRJ-011,Engineering Project 11,DISC-003,Electrical,15,15,15,240.73,
STAT-005,Rejected,Review,PRJ-003,Engineering Project 03,DISC-003,Electrical,20,20,20,357.40,
STAT-004,Approved,Closed,PRJ-015,Engineering Project 15,,,11,0,11,0.00,
STAT-999,Invalid Status,Invalid Status,PRJ-001,Engineering Project 01,DISC-003,Electrical,3,0,3,0.00,
STAT-004,Approved,Closed,PRJ-005,Engineering Project 05,DISC-001,Process,72,0,19,0.00,
STAT-005,Rejected,Review,PRJ-017,Engineering Project 17,DISC-001,Process,10,8,10,106.90,
STAT-004,Approved,Closed,PRJ-003,Engineering Project 03,DISC-006,Project Management,62,0,19,0.00,
STAT-006,Delayed,Open,PRJ-018,Engineering Project 18,DISC-006,Project Management,10,10,10,113.30,
STAT-002,In Progress,Open,PRJ-011,Engineering Project 11,DISC-001,Process,25,25,25,247.76,
STAT-001,Not Started,Open,PRJ-001,Engineering Project 01,DISC-002,Mechanical,14,14,14,449.50,
STAT-002,In Progress,Open,PRJ-004,Engineering Project 04,DISC-005,Civil,21,21,21,372.71,
STAT-006,Delayed,Open,PRJ-012,Engineering Project 12,DISC-004,Automation,13,13,13,231.00,
STAT-999,Invalid Status,Invalid Status,PRJ-007,Engineering Project 07,DISC-006,Project Management,2,0,2,0.00,
STAT-002,In Progress,Open,PRJ-007,Engineering Project 07,DISC-006,Project Management,26,26,26,323.12,
STAT-003,Under Review,Review,PRJ-012,Engineering Project 12,DISC-006,Project Management,42,40,40,151.48,164.17
STAT-999,Invalid Status,Invalid Status,PRJ-009,Engineering Project 09,DISC-003,Electrical,5,0,5,0.00,
STAT-999,Invalid Status,Invalid Status,PRJ-018,Engineering Project 18,DISC-004,Automation,6,0,6,0.00,
STAT-006,Delayed,Open,PRJ-015,Engineering Project 15,DISC-005,Civil,11,11,11,152.18,
STAT-005,Rejected,Review,PRJ-006,Engineering Project 06,DISC-006,Project Management,13,13,13,314.69,
STAT-005,Rejected,Review,PRJ-008,Engineering Project 08,DISC-005,Civil,11,11,11,265.45,
STAT-001,Not Started,Open,PRJ-002,Engineering Project 02,DISC-001,Process,14,14,14,245.50,
STAT-003,Under Review,Review,PRJ-008,Engineering Project 08,DISC-004,Automation,32,32,32,262.78,277.31
STAT-999,Invalid Status,Invalid Status,PRJ-011,Engineering Project 11,DISC-006,Project Management,2,0,2,0.00,
STAT-002,In Progress,Open,PRJ-002,Engineering Project 02,DISC-001,Process,39,39,39,276.64,
STAT-001,Not Started,Open,PRJ-002,Engineering Project 02,DISC-004,Automation,14,14,14,347.21,
STAT-004,Approved,Closed,PRJ-008,Engineering Project 08,DISC-004,Automation,63,0,23,0.00,
STAT-003,Under Review,Review,PRJ-015,Engineering Project 15,DISC-002,Mechanical,25,24,25,147.36,158.80
STAT-006,Delayed,Open,PRJ-018,Engineering Project 18,DISC-004,Automation,5,5,5,184.80,
STAT-001,Not Started,Open,PRJ-010,Engineering Project 10,,,2,2,2,185.00,
STAT-005,Rejected,Review,PRJ-004,Engineering Project 04,DISC-003,Electrical,12,12,12,364.00,
STAT-004,Approved,Closed,PRJ-015,Engineering Project 15,DISC-004,Automation,50,0,20,0.00,
STAT-999,Invalid Status,Invalid Status,PRJ-010,Engineering Project 10,DISC-005,Civil,3,0,3,0.00,
STAT-002,In Progress,Open,PRJ-009,Engineering Project 09,,,2,2,2,222.00,
STAT-001,Not Started,Open,PRJ-015,Engineering Project 15,DISC-006,Project Management,52,5,18,17.52,
STAT-004,Approved,Closed,PRJ-008,Engineering Project 08,DISC-006,Project Management,70,0,29,0.00,
STAT-001,Not Started,Open,PRJ-007,Engineering Project 07,DISC-006,Project Management,14,14,14,309.21,
STAT-006,Delayed,Open,PRJ-016,Engineering Project 16,DISC-003,Electrical,16,16,16,122.13,
STAT-001,Not Started,Open,PRJ-018,Engineering Project 18,DISC-004,Automation,39,9,39,32.90,
STAT-004,Approved,Closed,PRJ-011,Engineering Project 11,DISC-003,Electrical,50,0,15,0.00,
STAT-004,Approved,Closed,PRJ-012,Engineering Project 12,DISC-004,Automation,65,0,19,0.00,
STAT-001,Not Started,Open,PRJ-011,Engineering Project 11,DISC-005,Civil,13,13,13,199.77,
STAT-006,Delayed,Open,PRJ-017,Engineering Project 17,DISC-001,Process,10,10,10,180.20,
STAT-007,Cancelled,Closed,PRJ-008,Engineering Project 08,DISC-006,Project Management,8,0,2,0.00,
STAT-007,Cancelled,Closed,PRJ-010,Engineering Project 10,DISC-002,Mechanical,4,0,0,0.00,
STAT-001,Not Started,Open,PRJ-013,Engineering Project 13,,,5,5,5,219.80,
STAT-999,Invalid Status,Invalid Status,PRJ-015,Engineering Project 15,DISC-005,Civil,1,0,1,0.00,
STAT-999,Invalid Status,Invalid Status,PRJ-004,Engineering Project 04,DISC-001,Process,3,0,3,0.00,
STAT-003,Under Review,Review,PRJ-004,Engineering Project 04,DISC-005,Civil,32,32,32,361.97,374.56
STAT-004,Approved,Closed,PRJ-016,Engineering Project 16,DISC-003,Electrical,47,0,14,0.00,
STAT-999,Invalid Status,Invalid Status,PRJ-007,Engineering Project 07,DISC-005,Civil,5,0,5,0.00,
STAT-006,Delayed,Open,PRJ-016,Engineering Project 16,,,2,2,2,110.00,
STAT-006,Delayed,Open,PRJ-010,Engineering Project 10,DISC-002,Mechanical,17,17,17,229.59,
STAT-999,Invalid Status,Invalid Status,PRJ-014,Engineering Project 14,DISC-006,Project Management,4,0,4,0.00,
STAT-003,Under Review,Review,PRJ-007,Engineering Project 07,DISC-004,Automation,20,20,20,293.50,306.40
STAT-005,Rejected,Review,PRJ-008,Engineering Project 08,DISC-006,Project Management,10,10,10,204.70,
STAT-003,Under Review,Review,PRJ-010,Engineering Project 10,DISC-005,Civil,31,31,31,263.23,276.68
STAT-002,In Progress,Open,PRJ-011,Engineering Project 11,DISC-003,Electrical,32,32,32,237.03,
STAT-003,Under Review,Review,PRJ-001,Engineering Project 01,DISC-005,Civil,31,31,31,369.29,379.65
STAT-007,Cancelled,Closed,PRJ-010,Engineering Project 10,DISC-003,Electrical,4,0,1,0.00,
STAT-005,Rejected,Review,PRJ-016,Engineering Project 16,DISC-004,Automation,10,10,10,134.60,
STAT-002,In Progress,Open,PRJ-010,Engineering Project 10,DISC-006,Project Management,16,16,16,269.38,
STAT-005,Rejected,Review,PRJ-009,Engineering Project 09,DISC-006,Project Management,7,7,7,191.14,
STAT-003,Under Review,Review,PRJ-008,Engineering Project 08,DISC-006,Project Management,35,35,35,265.11,278.00
STAT-003,Under Review,Review,PRJ-017,Engineering Project 17,DISC-006,Project Management,22,21,22,136.95,148.73
STAT-005,Rejected,Review,PRJ-010,Engineering Project 10,DISC-001,Process,22,22,22,240.23,
STAT-003,Under Review,Review,PRJ-006,Engineering Project 06,,,4,4,4,299.75,314.25
STAT-003,Under Review,Review,PRJ-018,Engineering Project 18,DISC-001,Process,29,28,29,118.34,131.52
STAT-004,Approved,Closed,PRJ-005,Engineering Project 05,DISC-005,Civil,69,0,18,0.00,
STAT-999,Invalid Status,Invalid Status,PRJ-005,Engineering Project 05,DISC-002,Mechanical,2,0,2,0.00,
STAT-002,In Progress,Open,PRJ-007,Engineering Project 07,DISC-003,Electrical,32,32,32,312.19,
STAT-006,Delayed,Open,PRJ-006,Engineering Project 06,DISC-006,Project Management,18,18,18,316.89,
STAT-003,Under Review,Review,PRJ-002,Engineering Project 02,DISC-003,Electrical,33,33,33,277.73,289.85
STAT-002,In Progress,Open,PRJ-016,Engineering Project 16,DISC-003,Electrical,39,26,29,92.26,
STAT-003,Under Review,Review,PRJ-016,Engineering Project 16,DISC-001,Process,29,28,29,128.86,141.55
STAT-002,In Progress,Open,PRJ-012,Engineering Project 12,DISC-003,Electrical,24,24,24,215.29,
STAT-006,Delayed,Open,PRJ-016,Engineering Project 16,DISC-004,Automation,17,17,17,141.12,
STAT-007,Cancelled,Closed,PRJ-012,Engineering Project 12,DISC-003,Electrical,2,0,0,0.00,
STAT-003,Under Review,Review,PRJ-013,Engineering Project 13,DISC-003,Electrical,36,36,36,156.14,166.17
STAT-006,Delayed,Open,PRJ-005,Engineering Project 05,DISC-003,Electrical,15,15,15,279.27,
STAT-999,Invalid Status,Invalid Status,PRJ-002,Engineering Project 02,DISC-001,Process,3,0,3,0.00,
STAT-004,Approved,Closed,PRJ-011,Engineering Project 11,DISC-006,Project Management,64,0,16,0.00,
STAT-007,Cancelled,Closed,PRJ-012,Engineering Project 12,DISC-001,Process,5,0,3,0.00,
STAT-003,Under Review,Review,PRJ-007,Engineering Project 07,,,3,3,3,253.00,263.67
STAT-005,Rejected,Review,PRJ-014,Engineering Project 14,DISC-005,Civil,14,14,14,163.50,
STAT-006,Delayed,Open,PRJ-014,Engineering Project 14,,,3,3,3,150.33,
STAT-002,In Progress,Open,PRJ-016,Engineering Project 16,DISC-006,Project Management,56,30,38,80.05,
STAT-001,Not Started,Open,PRJ-015,Engineering Project 15,DISC-002,Mechanical,43,14,20,53.60,
STAT-007,Cancelled,Closed,PRJ-009,Engineering Project 09,DISC-001,Process,2,0,1,0.00,
STAT-006,Delayed,Open,PRJ-012,Engineering Project 12,DISC-002,Mechanical,20,20,20,184.35,
STAT-006,Delayed,Open,PRJ-018,Engineering Project 18,DISC-001,Process,14,14,14,136.79,
STAT-004,Approved,Closed,PRJ-018,Engineering Project 18,DISC-005,Civil,43,0,43,0.00,
STAT-999,Invalid Status,Invalid Status,PRJ-006,Engineering Project 06,DISC-001,Process,2,0,2,0.00,
STAT-004,Approved,Closed,PRJ-017,Engineering Project 17,DISC-005,Civil,32,0,32,0.00,
STAT-003,Under Review,Review,PRJ-010,Engineering Project 10,DISC-002,Mechanical,39,39,39,241.36,254.05
STAT-006,Delayed,Open,PRJ-013,Engineering Project 13,DISC-004,Automation,12,12,12,174.67,
STAT-007,Cancelled,Closed,PRJ-006,Engineering Project 06,DISC-001,Process,6,0,0,0.00,
STAT-003,Under Review,Review,PRJ-010,Engineering Project 10,DISC-004,Automation,31,31,31,233.39,246.06
STAT-007,Cancelled,Closed,PRJ-006,Engineering Project 06,DISC-005,Civil,2,0,0,0.00,
STAT-001,Not Started,Open,PRJ-014,Engineering Project 14,DISC-006,Project Management,20,10,12,48.55,
STAT-007,Cancelled,Closed,PRJ-013,Engineering Project 13,DISC-004,Automation,2,0,0,0.00,
STAT-006,Delayed,Open,PRJ-018,Engineering Project 18,DISC-003,Electrical,9,9,9,117.89,
STAT-005,Rejected,Review,PRJ-012,Engineering Project 12,DISC-005,Civil,18,18,18,175.22,
STAT-001,Not Started,Open,PRJ-013,Engineering Project 13,DISC-002,Mechanical,18,18,18,158.61,
STAT-005,Rejected,Review,PRJ-004,Engineering Project 04,DISC-004,Automation,15,15,15,353.20,
STAT-001,Not Started,Open,PRJ-015,Engineering Project 15,DISC-001,Process,48,9,23,25.21,
STAT-006,Delayed,Open,PRJ-001,Engineering Project 01,DISC-002,Mechanical,21,21,21,414.19,
STAT-006,Delayed,Open,PRJ-013,Engineering Project 13,DISC-003,Electrical,25,25,25,209.00,
STAT-002,In Progress,Open,PRJ-011,Engineering Project 11,,,1,1,1,117.00,
STAT-007,Cancelled,Closed,PRJ-001,Engineering Project 01,DISC-003,Electrical,1,0,1,0.00,
STAT-007,Cancelled,Closed,PRJ-013,Engineering Project 13,DISC-001,Process,4,0,1,0.00,
STAT-999,Invalid Status,Invalid Status,PRJ-002,Engineering Project 02,DISC-005,Civil,3,0,3,0.00,
STAT-002,In Progress,Open,PRJ-001,Engineering Project 01,,,5,5,5,304.00,
STAT-007,Cancelled,Closed,PRJ-006,Engineering Project 06,DISC-002,Mechanical,5,0,2,0.00,
STAT-006,Delayed,Open,PRJ-015,Engineering Project 15,DISC-003,Electrical,15,15,15,168.27,
STAT-002,In Progress,Open,PRJ-012,Engineering Project 12,DISC-006,Project Management,33,33,33,189.21,
STAT-003,Under Review,Review,PRJ-016,Engineering Project 16,DISC-004,Automation,29,24,24,154.34,166.38
STAT-002,In Progress,Open,PRJ-004,Engineering Project 04,DISC-003,Electrical,25,25,25,377.08,
STAT-001,Not Started,Open,PRJ-006,Engineering Project 06,DISC-002,Mechanical,19,19,19,328.00,
STAT-004,Approved,Closed,PRJ-001,Engineering Project 01,DISC-002,Mechanical,64,0,64,0.00,
STAT-006,Delayed,Open,PRJ-017,Engineering Project 17,DISC-004,Automation,11,11,11,207.55,
STAT-006,Delayed,Open,PRJ-006,Engineering Project 06,DISC-003,Electrical,22,22,22,372.73,
STAT-004,Approved,Closed,PRJ-012,Engineering Project 12,DISC-001,Process,74,0,17,0.00,
STAT-003,Under Review,Review,PRJ-001,Engineering Project 01,DISC-002,Mechanical,40,40,40,391.25,406.23
STAT-003,Under Review,Review,PRJ-017,Engineering Project 17,DISC-005,Civil,21,21,21,125.24,139.19
STAT-002,In Progress,Open,PRJ-005,Engineering Project 05,DISC-003,Electrical,30,30,30,301.47,
STAT-999,Invalid Status,Invalid Status,PRJ-013,Engineering Project 13,DISC-003,Electrical,1,0,1,0.00,
STAT-005,Rejected,Review,PRJ-005,Engineering Project 05,DISC-005,Civil,10,10,10,242.30,
STAT-005,Rejected,Review,PRJ-018,Engineering Project 18,DISC-002,Mechanical,17,16,17,157.71,
STAT-999,Invalid Status,Invalid Status,PRJ-003,Engineering Project 03,DISC-005,Civil,4,0,4,0.00,
STAT-005,Rejected,Review,PRJ-018,Engineering Project 18,DISC-003,Electrical,4,3,4,75.25,
STAT-006,Delayed,Open,PRJ-005,Engineering Project 05,,,4,4,4,291.25,
STAT-004,Approved,Closed,PRJ-018,Engineering Project 18,DISC-003,Electrical,36,0,36,0.00,
STAT-003,Under Review,Review,PRJ-004,Engineering Project 04,DISC-001,Process,29,29,29,349.31,362.76
STAT-999,Invalid Status,Invalid Status,PRJ-001,Engineering Project 01,DISC-006,Project Management,1,0,1,0.00,
STAT-006,Delayed,Open,PRJ-009,Engineering Project 09,DISC-003,Electrical,14,14,14,115.71,
STAT-004,Approved,Closed,PRJ-007,Engineering Project 07,DISC-005,Civil,64,0,18,0.00,
STAT-006,Delayed,Open,PRJ-010,Engineering Project 10,DISC-005,Civil,18,18,18,277.06,
STAT-004,Approved,Closed,PRJ-009,Engineering Project 09,DISC-001,Process,66,0,20,0.00,
STAT-001,Not Started,Open,PRJ-002,Engineering Project 02,DISC-006,Project Management,19,19,19,264.42,
STAT-002,In Progress,Open,PRJ-015,Engineering Project 15,DISC-003,Electrical,35,17,23,98.37,
STAT-007,Cancelled,Closed,PRJ-015,Engineering Project 15,DISC-004,Automation,3,0,2,0.00,
STAT-004,Approved,Closed,PRJ-007,Engineering Project 07,DISC-003,Electrical,62,0,23,0.00,
STAT-006,Delayed,Open,PRJ-008,Engineering Project 08,DISC-006,Project Management,18,18,18,246.83,
STAT-007,Cancelled,Closed,PRJ-012,Engineering Project 12,DISC-006,Project Management,5,0,2,0.00,
STAT-003,Under Review,Review,PRJ-007,Engineering Project 07,DISC-005,Civil,26,26,26,294.19,306.54
STAT-003,Under Review,Review,PRJ-009,Engineering Project 09,DISC-003,Electrical,37,36,37,220.30,234.22
STAT-006,Delayed,Open,PRJ-006,Engineering Project 06,DISC-002,Mechanical,16,16,16,368.50,
STAT-002,In Progress,Open,PRJ-003,Engineering Project 03,,,4,4,4,321.25,
STAT-001,Not Started,Open,PRJ-004,Engineering Project 04,DISC-004,Automation,17,17,17,348.24,
STAT-999,Invalid Status,Invalid Status,PRJ-008,Engineering Project 08,DISC-001,Process,1,0,1,0.00,
STAT-005,Rejected,Review,PRJ-010,Engineering Project 10,DISC-004,Automation,11,11,11,278.64,
STAT-007,Cancelled,Closed,PRJ-018,Engineering Project 18,DISC-004,Automation,2,0,2,0.00,
STAT-002,In Progress,Open,PRJ-009,Engineering Project 09,DISC-004,Automation,23,22,22,197.22,
STAT-001,Not Started,Open,PRJ-015,Engineering Project 15,DISC-005,Civil,41,9,16,37.34,
STAT-001,Not Started,Open,PRJ-012,Engineering Project 12,DISC-003,Electrical,20,20,20,228.00,
STAT-999,Invalid Status,Invalid Status,PRJ-013,Engineering Project 13,DISC-002,Mechanical,3,0,3,0.00,
STAT-999,Invalid Status,Invalid Status,PRJ-018,Engineering Project 18,DISC-006,Project Management,5,0,5,0.00,
STAT-003,Under Review,Review,PRJ-014,Engineering Project 14,DISC-001,Process,29,28,28,184.10,197.10
STAT-007,Cancelled,Closed,PRJ-015,Engineering Project 15,DISC-001,Process,1,0,0,0.00,
STAT-003,Under Review,Review,PRJ-009,Engineering Project 09,DISC-006,Project Management,32,30,30,252.72,265.13
STAT-007,Cancelled,Closed,PRJ-013,Engineering Project 13,DISC-006,Project Management,3,0,0,0.00,
STAT-002,In Progress,Open,PRJ-018,Engineering Project 18,,,4,3,4,169.75,
STAT-001,Not Started,Open,PRJ-018,Engineering Project 18,DISC-003,Electrical,41,8,41,27.51,
STAT-002,In Progress,Open,PRJ-003,Engineering Project 03,DISC-001,Process,34,34,34,341.26,
STAT-006,Delayed,Open,PRJ-014,Engineering Project 14,DISC-005,Civil,18,18,18,130.56,
STAT-003,Under Review,Review,PRJ-014,Engineering Project 14,DISC-006,Project Management,35,34,35,164.77,178.57
STAT-005,Rejected,Review,PRJ-006,Engineering Project 06,DISC-002,Mechanical,15,15,15,339.67,
STAT-006,Delayed,Open,PRJ-005,Engineering Project 05,DISC-006,Project Management,18,18,18,294.72,
STAT-003,Under Review,Review,PRJ-007,Engineering Project 07,DISC-003,Electrical,28,28,28,272.07,285.00
STAT-002,In Progress,Open,PRJ-012,Engineering Project 12,,,4,4,4,202.25,
STAT-002,In Progress,Open,PRJ-018,Engineering Project 18,DISC-001,Process,38,26,38,83.89,
STAT-001,Not Started,Open,PRJ-008,Engineering Project 08,DISC-006,Project Management,13,13,13,278.77,
STAT-005,Rejected,Review,PRJ-004,Engineering Project 04,DISC-002,Mechanical,13,13,13,327.15,
STAT-001,Not Started,Open,PRJ-001,Engineering Project 01,DISC-005,Civil,21,21,21,363.90,
STAT-001,Not Started,Open,PRJ-013,Engineering Project 13,DISC-003,Electrical,21,21,21,188.57,
STAT-005,Rejected,Review,PRJ-012,Engineering Project 12,DISC-002,Mechanical,14,14,14,250.71,
STAT-006,Delayed,Open,PRJ-008,Engineering Project 08,DISC-003,Electrical,19,19,19,268.79,
STAT-999,Invalid Status,Invalid Status,PRJ-007,Engineering Project 07,DISC-001,Process,3,0,3,0.00,
STAT-006,Delayed,Open,PRJ-002,Engineering Project 02,,,3,3,3,241.67,
STAT-002,In Progress,Open,PRJ-002,Engineering Project 02,DISC-002,Mechanical,39,39,39,272.41,
STAT-003,Under Review,Review,PRJ-001,Engineering Project 01,DISC-003,Electrical,35,35,35,385.83,397.37
STAT-007,Cancelled,Closed,PRJ-014,Engineering Project 14,DISC-005,Civil,2,0,0,0.00,
STAT-006,Delayed,Open,PRJ-010,Engineering Project 10,,,10,10,10,273.10,
STAT-005,Rejected,Review,PRJ-016,Engineering Project 16,DISC-001,Process,14,14,14,141.64,
STAT-004,Approved,Closed,PRJ-012,Engineering Project 12,DISC-005,Civil,59,0,19,0.00,
STAT-003,Under Review,Review,PRJ-002,Engineering Project 02,DISC-005,Civil,30,30,30,312.53,325.77
STAT-003,Under Review,Review,PRJ-011,Engineering Project 11,DISC-005,Civil,25,25,25,207.44,221.28
STAT-006,Delayed,Open,PRJ-004,Engineering Project 04,,,2,2,2,376.00,
STAT-003,Under Review,Review,PRJ-013,Engineering Project 13,DISC-002,Mechanical,31,30,30,168.84,184.84
STAT-003,Under Review,Review,PRJ-010,Engineering Project 10,,,5,5,5,280.80,293.40
STAT-005,Rejected,Review,PRJ-009,Engineering Project 09,,,3,3,3,205.33,
STAT-001,Not Started,Open,PRJ-004,Engineering Project 04,DISC-001,Process,14,14,14,364.36,
STAT-003,Under Review,Review,PRJ-010,Engineering Project 10,DISC-001,Process,38,38,38,245.32,257.42
STAT-007,Cancelled,Closed,PRJ-003,Engineering Project 03,,,2,0,2,0.00,
STAT-005,Rejected,Review,PRJ-016,Engineering Project 16,DISC-005,Civil,9,8,9,177.44,
STAT-005,Rejected,Review,PRJ-007,Engineering Project 07,DISC-002,Mechanical,19,19,19,271.42,
STAT-003,Under Review,Review,PRJ-005,Engineering Project 05,DISC-004,Automation,29,29,29,268.52,280.79
STAT-003,Under Review,Review,PRJ-011,Engineering Project 11,DISC-002,Mechanical,30,30,30,233.60,247.73
STAT-007,Cancelled,Closed,PRJ-002,Engineering Project 02,DISC-003,Electrical,3,0,1,0.00,
STAT-003,Under Review,Review,PRJ-005,Engineering Project 05,DISC-001,Process,39,39,39,251.49,263.64
STAT-006,Delayed,Open,PRJ-013,Engineering Project 13,DISC-001,Process,15,15,15,175.67,
STAT-002,In Progress,Open,PRJ-016,Engineering Project 16,DISC-002,Mechanical,43,25,31,81.00,
STAT-999,Invalid Status,Invalid Status,PRJ-014,Engineering Project 14,DISC-001,Process,6,0,6,0.00,
STAT-006,Delayed,Open,PRJ-017,Engineering Project 17,DISC-006,Project Management,12,12,12,161.08,
STAT-001,Not Started,Open,PRJ-009,Engineering Project 09,DISC-004,Automation,14,10,10,125.50,
STAT-001,Not Started,Open,PRJ-014,Engineering Project 14,,,1,0,1,0.00,
STAT-999,Invalid Status,Invalid Status,PRJ-015,Engineering Project 15,DISC-003,Electrical,2,0,2,0.00,
STAT-003,Under Review,Review,PRJ-018,Engineering Project 18,DISC-004,Automation,13,11,13,90.31,102.54
STAT-006,Delayed,Open,PRJ-009,Engineering Project 09,DISC-001,Process,11,11,11,211.73,
STAT-007,Cancelled,Closed,PRJ-016,Engineering Project 16,DISC-002,Mechanical,2,0,0,0.00,
STAT-004,Approved,Closed,PRJ-016,Engineering Project 16,DISC-002,Mechanical,58,0,18,0.00,
STAT-007,Cancelled,Closed,PRJ-011,Engineering Project 11,DISC-001,Process,3,0,0,0.00,
STAT-002,In Progress,Open,PRJ-017,Engineering Project 17,DISC-005,Civil,50,26,50,68.50,
STAT-004,Approved,Closed,PRJ-017,Engineering Project 17,DISC-006,Project Management,30,0,30,0.00,
STAT-005,Rejected,Review,PRJ-002,Engineering Project 02,,,3,3,3,253.67,
STAT-999,Invalid Status,Invalid Status,PRJ-016,Engineering Project 16,DISC-004,Automation,4,0,4,0.00,
STAT-002,In Progress,Open,PRJ-004,Engineering Project 04,DISC-002,Mechanical,39,39,39,367.36,
STAT-002,In Progress,Open,PRJ-015,Engineering Project 15,DISC-001,Process,29,17,19,97.76,
STAT-001,Not Started,Open,PRJ-018,Engineering Project 18,DISC-006,Project Management,47,10,47,18.45,
STAT-007,Cancelled,Closed,PRJ-015,Engineering Project 15,DISC-003,Electrical,4,0,2,0.00,
STAT-005,Rejected,Review,PRJ-001,Engineering Project 01,DISC-001,Process,14,14,14,366.07,
STAT-999,Invalid Status,Invalid Status,PRJ-002,Engineering Project 02,DISC-002,Mechanical,1,0,1,0.00,
STAT-007,Cancelled,Closed,PRJ-014,Engineering Project 14,,,1,0,1,0.00,
STAT-002,In Progress,Open,PRJ-013,Engineering Project 13,DISC-005,Civil,16,16,16,143.88,
STAT-005,Rejected,Review,PRJ-007,Engineering Project 07,DISC-004,Automation,13,13,13,248.31,
STAT-002,In Progress,Open,PRJ-001,Engineering Project 01,DISC-003,Electrical,39,39,39,427.36,
STAT-003,Under Review,Review,PRJ-006,Engineering Project 06,DISC-004,Automation,20,20,20,343.85,356.90
STAT-999,Invalid Status,Invalid Status,PRJ-002,Engineering Project 02,DISC-003,Electrical,2,0,2,0.00,
STAT-005,Rejected,Review,PRJ-007,Engineering Project 07,DISC-006,Project Management,9,9,9,296.22,
STAT-007,Cancelled,Closed,PRJ-016,Engineering Project 16,DISC-001,Process,1,0,0,0.00,
STAT-001,Not Started,Open,PRJ-017,Engineering Project 17,DISC-001,Process,48,6,48,20.23,
STAT-001,Not Started,Open,PRJ-003,Engineering Project 03,DISC-003,Electrical,19,19,19,381.26,
STAT-004,Approved,Closed,PRJ-006,Engineering Project 06,DISC-005,Civil,74,0,23,0.00,
STAT-006,Delayed,Open,PRJ-015,Engineering Project 15,DISC-006,Project Management,8,8,8,129.25,
STAT-004,Approved,Closed,PRJ-013,Engineering Project 13,DISC-005,Civil,60,0,20,0.00,
STAT-001,Not Started,Open,PRJ-010,Engineering Project 10,DISC-006,Project Management,13,13,13,267.85,
STAT-004,Approved,Closed,PRJ-007,Engineering Project 07,DISC-002,Mechanical,65,0,19,0.00,
STAT-004,Approved,Closed,PRJ-014,Engineering Project 14,DISC-003,Electrical,63,0,21,0.00,
STAT-002,In Progress,Open,PRJ-018,Engineering Project 18,DISC-004,Automation,39,28,39,114.28,
STAT-003,Under Review,Review,PRJ-015,Engineering Project 15,DISC-006,Project Management,18,16,17,154.06,163.94
STAT-001,Not Started,Open,PRJ-007,Engineering Project 07,DISC-003,Electrical,11,11,11,262.73,
STAT-007,Cancelled,Closed,PRJ-008,Engineering Project 08,DISC-003,Electrical,1,0,0,0.00,
STAT-002,In Progress,Open,PRJ-007,Engineering Project 07,,,8,8,8,375.13,
STAT-007,Cancelled,Closed,PRJ-009,Engineering Project 09,,,1,0,1,0.00,
STAT-007,Cancelled,Closed,PRJ-005,Engineering Project 05,DISC-003,Electrical,9,0,1,0.00,
STAT-004,Approved,Closed,PRJ-003,Engineering Project 03,DISC-004,Automation,60,0,19,0.00,
STAT-999,Invalid Status,Invalid Status,PRJ-004,Engineering Project 04,DISC-003,Electrical,1,0,1,0.00,
STAT-004,Approved,Closed,PRJ-017,Engineering Project 17,DISC-003,Electrical,38,0,38,0.00,
STAT-004,Approved,Closed,PRJ-008,Engineering Project 08,,,7,0,7,0.00,
STAT-001,Not Started,Open,PRJ-007,Engineering Project 07,,,2,2,2,255.00,
STAT-005,Rejected,Review,PRJ-012,Engineering Project 12,DISC-006,Project Management,9,9,9,110.11,
STAT-005,Rejected,Review,PRJ-017,Engineering Project 17,,,1,1,1,7.00,
STAT-003,Under Review,Review,PRJ-010,Engineering Project 10,DISC-006,Project Management,37,37,37,250.03,264.08
STAT-006,Delayed,Open,PRJ-003,Engineering Project 03,DISC-001,Process,24,24,24,373.38,
STAT-001,Not Started,Open,PRJ-009,Engineering Project 09,DISC-003,Electrical,17,15,15,184.94,
STAT-005,Rejected,Review,PRJ-005,Engineering Project 05,DISC-006,Project Management,16,16,16,232.75,
STAT-003,Under Review,Review,PRJ-016,Engineering Project 16,DISC-003,Electrical,32,31,31,147.13,161.06
STAT-003,Under Review,Review,PRJ-011,Engineering Project 11,,,6,6,6,182.00,190.67
STAT-004,Approved,Closed,PRJ-009,Engineering Project 09,DISC-002,Mechanical,66,0,20,0.00,
STAT-006,Delayed,Open,PRJ-007,Engineering Project 07,DISC-004,Automation,13,13,13,283.92,
STAT-002,In Progress,Open,PRJ-016,Engineering Project 16,DISC-005,Civil,35,24,25,114.29,
STAT-001,Not Started,Open,PRJ-009,Engineering Project 09,DISC-005,Civil,14,11,11,192.29,
STAT-999,Invalid Status,Invalid Status,PRJ-016,Engineering Project 16,DISC-002,Mechanical,4,0,4,0.00,
STAT-007,Cancelled,Closed,PRJ-002,Engineering Project 02,,,2,0,2,0.00,
STAT-006,Delayed,Open,PRJ-015,Engineering Project 15,,,3,3,3,125.33,
STAT-999,Invalid Status,Invalid Status,PRJ-005,Engineering Project 05,DISC-005,Civil,6,0,6,0.00,
STAT-999,Invalid Status,Invalid Status,PRJ-005,Engineering Project 05,DISC-004,Automation,2,0,2,0.00,
STAT-004,Approved,Closed,PRJ-004,Engineering Project 04,DISC-002,Mechanical,68,0,20,0.00,
STAT-002,In Progress,Open,PRJ-010,Engineering Project 10,DISC-005,Civil,30,30,30,280.90,
STAT-002,In Progress,Open,PRJ-017,Engineering Project 17,DISC-004,Automation,60,27,60,63.60,
STAT-001,Not Started,Open,PRJ-016,Engineering Project 16,DISC-003,Electrical,39,14,24,44.26,
STAT-004,Approved,Closed,PRJ-017,Engineering Project 17,,,2,0,2,0.00,
STAT-003,Under Review,Review,PRJ-012,Engineering Project 12,,,6,6,6,105.67,119.33
STAT-001,Not Started,Open,PRJ-014,Engineering Project 14,DISC-005,Civil,15,4,8,45.87,
STAT-006,Delayed,Open,PRJ-018,Engineering Project 18,DISC-005,Civil,14,14,14,123.50,
STAT-005,Rejected,Review,PRJ-012,Engineering Project 12,DISC-004,Automation,9,9,9,187.56,
STAT-004,Approved,Closed,PRJ-014,Engineering Project 14,DISC-001,Process,45,0,17,0.00,
STAT-005,Rejected,Review,PRJ-006,Engineering Project 06,DISC-001,Process,13,13,13,321.15,
STAT-003,Under Review,Review,PRJ-001,Engineering Project 01,,,3,3,3,422.67,437.67
STAT-007,Cancelled,Closed,PRJ-007,Engineering Project 07,DISC-004,Automation,9,0,5,0.00,
STAT-005,Rejected,Review,PRJ-007,Engineering Project 07,DISC-001,Process,10,10,10,256.80,
STAT-003,Under Review,Review,PRJ-014,Engineering Project 14,DISC-004,Automation,37,37,37,138.19,150.95
STAT-005,Rejected,Review,PRJ-002,Engineering Project 02,DISC-002,Mechanical,13,13,13,278.54,
STAT-004,Approved,Closed,PRJ-005,Engineering Project 05,DISC-003,Electrical,68,0,21,0.00,
STAT-003,Under Review,Review,PRJ-002,Engineering Project 02,DISC-006,Project Management,32,32,32,282.00,293.91
STAT-007,Cancelled,Closed,PRJ-003,Engineering Project 03,DISC-003,Electrical,4,0,1,0.00,
STAT-999,Invalid Status,Invalid Status,PRJ-004,Engineering Project 04,DISC-004,Automation,1,0,1,0.00,
STAT-002,In Progress,Open,PRJ-008,Engineering Project 08,,,8,8,8,313.38,
STAT-002,In Progress,Open,PRJ-001,Engineering Project 01,DISC-002,Mechanical,25,25,25,380.16,
STAT-003,Under Review,Review,PRJ-011,Engineering Project 11,DISC-003,Electrical,34,34,34,238.41,249.94
STAT-005,Rejected,Review,PRJ-006,Engineering Project 06,,,3,3,3,341.67,
STAT-005,Rejected,Review,PRJ-005,Engineering Project 05,DISC-003,Electrical,15,15,15,251.67,
STAT-005,Rejected,Review,PRJ-003,Engineering Project 03,DISC-001,Process,19,19,19,329.63,
STAT-003,Under Review,Review,PRJ-003,Engineering Project 03,DISC-001,Process,27,27,27,313.59,326.63
STAT-001,Not Started,Open,PRJ-014,Engineering Project 14,DISC-003,Electrical,24,15,18,87.08,
STAT-006,Delayed,Open,PRJ-007,Engineering Project 07,DISC-005,Civil,14,14,14,311.71,
STAT-006,Delayed,Open,PRJ-013,Engineering Project 13,,,4,4,4,241.00,
STAT-002,In Progress,Open,PRJ-016,Engineering Project 16,,,11,7,11,83.64,
STAT-999,Invalid Status,Invalid Status,PRJ-007,Engineering Project 07,,,1,0,1,0.00,
STAT-006,Delayed,Open,PRJ-012,Engineering Project 12,DISC-003,Electrical,20,20,20,191.70,
STAT-002,In Progress,Open,PRJ-006,Engineering Project 06,DISC-002,Mechanical,33,33,33,351.24,
STAT-002,In Progress,Open,PRJ-007,Engineering Project 07,DISC-005,Civil,33,33,33,286.00,
STAT-005,Rejected,Review,PRJ-012,Engineering Project 12,DISC-003,Electrical,8,8,8,179.00,
STAT-002,In Progress,Open,PRJ-008,Engineering Project 08,DISC-004,Automation,33,33,33,267.03,
STAT-004,Approved,Closed,PRJ-014,Engineering Project 14,,,8,0,8,0.00,
STAT-007,Cancelled,Closed,PRJ-017,Engineering Project 17,DISC-006,Project Management,2,0,2,0.00,
STAT-002,In Progress,Open,PRJ-010,Engineering Project 10,DISC-002,Mechanical,22,22,22,203.36,
STAT-004,Approved,Closed,PRJ-005,Engineering Project 05,DISC-002,Mechanical,70,0,21,0.00,
STAT-004,Approved,Closed,PRJ-008,Engineering Project 08,DISC-003,Electrical,71,0,22,0.00,
STAT-002,In Progress,Open,PRJ-010,Engineering Project 10,DISC-004,Automation,39,39,39,266.90,
STAT-001,Not Started,Open,PRJ-001,Engineering Project 01,DISC-006,Project Management,13,13,13,390.69,
STAT-007,Cancelled,Closed,PRJ-009,Engineering Project 09,DISC-005,Civil,2,0,0,0.00,
STAT-003,Under Review,Review,PRJ-008,Engineering Project 08,DISC-002,Mechanical,38,38,38,230.26,243.18
STAT-003,Under Review,Review,PRJ-005,Engineering Project 05,DISC-005,Civil,31,31,31,282.58,293.77
STAT-004,Approved,Closed,PRJ-010,Engineering Project 10,DISC-006,Project Management,69,0,18,0.00,
STAT-005,Rejected,Review,PRJ-011,Engineering Project 11,DISC-003,Electrical,9,9,9,170.11,
STAT-004,Approved,Closed,PRJ-009,Engineering Project 09,DISC-006,Project Management,59,0,23,0.00,
STAT-002,In Progress,Open,PRJ-007,Engineering Project 07,DISC-001,Process,37,37,37,314.38,
STAT-006,Delayed,Open,PRJ-007,Engineering Project 07,DISC-001,Process,17,17,17,250.82,
STAT-003,Under Review,Review,PRJ-007,Engineering Project 07,DISC-006,Project Management,33,33,33,270.97,280.70
STAT-006,Delayed,Open,PRJ-010,Engineering Project 10,DISC-003,Electrical,18,18,18,242.33,
STAT-005,Rejected,Review,PRJ-014,Engineering Project 14,DISC-002,Mechanical,21,21,21,157.33,
STAT-004,Approved,Closed,PRJ-005,Engineering Project 05,DISC-006,Project Management,77,0,23,0.00,
STAT-004,Approved,Closed,PRJ-001,Engineering Project 01,DISC-003,Electrical,85,0,85,0.00,
STAT-006,Delayed,Open,PRJ-011,Engineering Project 11,DISC-003,Electrical,10,10,10,261.40,
STAT-007,Cancelled,Closed,PRJ-015,Engineering Project 15,DISC-006,Project Management,1,0,0,0.00,
STAT-004,Approved,Closed,PRJ-004,Engineering Project 04,DISC-006,Project Management,83,0,21,0.00,
STAT-999,Invalid Status,Invalid Status,PRJ-003,Engineering Project 03,DISC-003,Electrical,6,0,6,0.00,
STAT-004,Approved,Closed,PRJ-010,Engineering Project 10,DISC-003,Electrical,63,0,18,0.00,
STAT-003,Under Review,Review,PRJ-006,Engineering Project 06,DISC-006,Project Management,23,23,23,311.30,323.87
STAT-004,Approved,Closed,PRJ-011,Engineering Project 11,DISC-002,Mechanical,77,0,24,0.00,
STAT-003,Under Review,Review,PRJ-006,Engineering Project 06,DISC-002,Mechanical,39,39,39,343.41,355.95
STAT-999,Invalid Status,Invalid Status,PRJ-017,Engineering Project 17,DISC-003,Electrical,4,0,4,0.00,
STAT-004,Approved,Closed,PRJ-015,Engineering Project 15,DISC-001,Process,44,0,10,0.00,
STAT-007,Cancelled,Closed,PRJ-006,Engineering Project 06,DISC-004,Automation,2,0,0,0.00,
STAT-004,Approved,Closed,PRJ-006,Engineering Project 06,DISC-006,Project Management,56,0,13,0.00,
STAT-001,Not Started,Open,PRJ-003,Engineering Project 03,DISC-004,Automation,15,15,15,356.60,
STAT-004,Approved,Closed,PRJ-011,Engineering Project 11,DISC-005,Civil,58,0,17,0.00,
STAT-007,Cancelled,Closed,PRJ-012,Engineering Project 12,DISC-005,Civil,2,0,0,0.00,
STAT-005,Rejected,Review,PRJ-015,Engineering Project 15,DISC-006,Project Management,7,7,7,136.86,
STAT-005,Rejected,Review,PRJ-015,Engineering Project 15,,,2,2,2,165.00,
STAT-007,Cancelled,Closed,PRJ-011,Engineering Project 11,DISC-006,Project Management,2,0,1,0.00,
STAT-001,Not Started,Open,PRJ-013,Engineering Project 13,DISC-001,Process,19,19,19,152.32,
STAT-004,Approved,Closed,PRJ-016,Engineering Project 16,DISC-005,Civil,51,0,15,0.00,
STAT-002,In Progress,Open,PRJ-009,Engineering Project 09,DISC-005,Civil,35,34,34,222.40,
STAT-004,Approved,Closed,PRJ-015,Engineering Project 15,DISC-003,Electrical,35,0,6,0.00,
STAT-005,Rejected,Review,PRJ-009,Engineering Project 09,DISC-005,Civil,14,14,14,201.93,
STAT-002,In Progress,Open,PRJ-013,Engineering Project 13,DISC-004,Automation,27,27,27,211.74,
STAT-005,Rejected,Review,PRJ-009,Engineering Project 09,DISC-004,Automation,15,15,15,262.07,
STAT-003,Under Review,Review,PRJ-018,Engineering Project 18,DISC-002,Mechanical,20,20,20,147.60,160.35
STAT-003,Under Review,Review,PRJ-017,Engineering Project 17,DISC-004,Automation,13,12,13,138.00,150.92
STAT-007,Cancelled,Closed,PRJ-011,Engineering Project 11,DISC-002,Mechanical,4,0,2,0.00,
STAT-004,Approved,Closed,PRJ-007,Engineering Project 07,DISC-004,Automation,72,0,20,0.00,
STAT-001,Not Started,Open,PRJ-001,Engineering Project 01,DISC-004,Automation,11,11,11,382.45,
STAT-007,Cancelled,Closed,PRJ-013,Engineering Project 13,DISC-002,Mechanical,4,0,2,0.00,
STAT-003,Under Review,Review,PRJ-018,Engineering Project 18,DISC-005,Civil,21,18,21,113.90,124.05
STAT-001,Not Started,Open,PRJ-002,Engineering Project 02,DISC-005,Civil,17,17,17,286.53,
STAT-005,Rejected,Review,PRJ-009,Engineering Project 09,DISC-003,Electrical,11,11,11,151.55,
STAT-001,Not Started,Open,PRJ-002,Engineering Project 02,DISC-002,Mechanical,12,12,12,250.17,
STAT-007,Cancelled,Closed,PRJ-007,Engineering Project 07,DISC-001,Process,5,0,1,0.00,
STAT-003,Under Review,Review,PRJ-003,Engineering Project 03,,,8,8,8,327.00,339.13
STAT-007,Cancelled,Closed,PRJ-010,Engineering Project 10,DISC-005,Civil,3,0,1,0.00,
STAT-003,Under Review,Review,PRJ-011,Engineering Project 11,DISC-001,Process,28,28,28,201.89,214.14
STAT-005,Rejected,Review,PRJ-001,Engineering Project 01,DISC-003,Electrical,11,11,11,351.09,
STAT-007,Cancelled,Closed,PRJ-018,Engineering Project 18,DISC-006,Project Management,1,0,1,0.00,
STAT-001,Not Started,Open,PRJ-001,Engineering Project 01,,,2,2,2,303.50,
STAT-001,Not Started,Open,PRJ-015,Engineering Project 15,,,7,3,7,105.86,
STAT-004,Approved,Closed,PRJ-007,Engineering Project 07,DISC-006,Project Management,54,0,13,0.00,
STAT-004,Approved,Closed,PRJ-004,Engineering Project 04,DISC-005,Civil,68,0,17,0.00,
STAT-004,Approved,Closed,PRJ-016,Engineering Project 16,DISC-001,Process,54,0,16,0.00,
STAT-007,Cancelled,Closed,PRJ-004,Engineering Project 04,DISC-005,Civil,2,0,0,0.00,
STAT-002,In Progress,Open,PRJ-007,Engineering Project 07,DISC-002,Mechanical,37,37,37,310.65,
STAT-006,Delayed,Open,PRJ-013,Engineering Project 13,DISC-006,Project Management,17,17,17,161.00,
STAT-004,Approved,Closed,PRJ-001,Engineering Project 01,DISC-005,Civil,63,0,63,0.00,
STAT-006,Delayed,Open,PRJ-017,Engineering Project 17,DISC-005,Civil,9,9,9,152.44,
STAT-004,Approved,Closed,PRJ-005,Engineering Project 05,DISC-004,Automation,64,0,13,0.00,
STAT-005,Rejected,Review,PRJ-001,Engineering Project 01,DISC-002,Mechanical,7,7,7,471.57,
STAT-006,Delayed,Open,PRJ-010,Engineering Project 10,DISC-001,Process,22,22,22,252.77,
STAT-999,Invalid Status,Invalid Status,PRJ-010,Engineering Project 10,DISC-003,Electrical,5,0,5,0.00,
STAT-002,In Progress,Open,PRJ-018,Engineering Project 18,DISC-002,Mechanical,47,33,47,102.83,
STAT-001,Not Started,Open,PRJ-006,Engineering Project 06,DISC-004,Automation,18,18,18,363.44,
STAT-007,Cancelled,Closed,PRJ-010,Engineering Project 10,,,1,0,1,0.00,
STAT-999,Invalid Status,Invalid Status,PRJ-018,Engineering Project 18,DISC-001,Process,1,0,1,0.00,
STAT-001,Not Started,Open,PRJ-017,Engineering Project 17,DISC-002,Mechanical,56,8,56,24.52,
STAT-005,Rejected,Review,PRJ-016,Engineering Project 16,DISC-002,Mechanical,10,10,10,194.30,
STAT-005,Rejected,Review,PRJ-001,Engineering Project 01,DISC-005,Civil,15,15,15,405.13,
STAT-999,Invalid Status,Invalid Status,PRJ-009,Engineering Project 09,DISC-006,Project Management,3,0,3,0.00,
STAT-003,Under Review,Review,PRJ-017,Engineering Project 17,DISC-003,Electrical,19,19,19,165.00,176.00
STAT-002,In Progress,Open,PRJ-005,Engineering Project 05,DISC-001,Process,42,42,42,291.38,
STAT-999,Invalid Status,Invalid Status,PRJ-015,Engineering Project 15,DISC-004,Automation,3,0,3,0.00,
STAT-004,Approved,Closed,PRJ-013,Engineering Project 13,DISC-002,Mechanical,63,0,18,0.00,
STAT-005,Rejected,Review,PRJ-013,Engineering Project 13,DISC-006,Project Management,14,14,14,150.43,
STAT-003,Under Review,Review,PRJ-018,Engineering Project 18,DISC-006,Project Management,16,15,16,131.00,143.75
STAT-006,Delayed,Open,PRJ-016,Engineering Project 16,DISC-006,Project Management,18,18,18,127.72,
STAT-006,Delayed,Open,PRJ-002,Engineering Project 02,DISC-006,Project Management,14,14,14,267.29,
STAT-999,Invalid Status,Invalid Status,PRJ-014,Engineering Project 14,DISC-004,Automation,1,0,1,0.00,
STAT-999,Invalid Status,Invalid Status,PRJ-017,Engineering Project 17,DISC-002,Mechanical,3,0,3,0.00,
STAT-001,Not Started,Open,PRJ-016,Engineering Project 16,DISC-001,Process,45,10,20,37.36,
STAT-001,Not Started,Open,PRJ-009,Engineering Project 09,DISC-006,Project Management,21,19,19,212.52,
STAT-002,In Progress,Open,PRJ-002,Engineering Project 02,DISC-006,Project Management,36,36,36,301.58,
STAT-004,Approved,Closed,PRJ-004,Engineering Project 04,DISC-001,Process,67,0,18,0.00,
STAT-999,Invalid Status,Invalid Status,PRJ-013,Engineering Project 13,DISC-001,Process,2,0,2,0.00,
STAT-007,Cancelled,Closed,PRJ-012,Engineering Project 12,DISC-002,Mechanical,5,0,2,0.00,
STAT-005,Rejected,Review,PRJ-015,Engineering Project 15,DISC-001,Process,6,5,5,187.83,
STAT-004,Approved,Closed,PRJ-016,Engineering Project 16,,,8,0,8,0.00,
STAT-002,In Progress,Open,PRJ-012,Engineering Project 12,DISC-002,Mechanical,35,35,35,174.14,
STAT-006,Delayed,Open,PRJ-002,Engineering Project 02,DISC-001,Process,25,25,25,293.76,
STAT-003,Under Review,Review,PRJ-003,Engineering Project 03,DISC-004,Automation,35,35,35,321.80,334.71
STAT-999,Invalid Status,Invalid Status,PRJ-013,Engineering Project 13,DISC-006,Project Management,2,0,2,0.00,
STAT-005,Rejected,Review,PRJ-010,Engineering Project 10,DISC-006,Project Management,8,8,8,275.63,
STAT-007,Cancelled,Closed,PRJ-011,Engineering Project 11,DISC-005,Civil,3,0,2,0.00,
STAT-007,Cancelled,Closed,PRJ-003,Engineering Project 03,DISC-001,Process,4,0,2,0.00,
STAT-003,Under Review,Review,PRJ-003,Engineering Project 03,DISC-006,Project Management,25,25,25,348.20,361.96
STAT-007,Cancelled,Closed,PRJ-010,Engineering Project 10,DISC-001,Process,4,0,2,0.00,
STAT-999,Invalid Status,Invalid Status,PRJ-010,Engineering Project 10,DISC-004,Automation,5,0,5,0.00,
STAT-001,Not Started,Open,PRJ-018,Engineering Project 18,DISC-001,Process,47,10,47,21.11,
STAT-002,In Progress,Open,PRJ-012,Engineering Project 12,DISC-004,Automation,44,44,44,207.73,
STAT-005,Rejected,Review,PRJ-017,Engineering Project 17,DISC-003,Electrical,9,9,9,142.11,
STAT-999,Invalid Status,Invalid Status,PRJ-006,Engineering Project 06,DISC-005,Civil,1,0,1,0.00,
STAT-003,Under Review,Review,PRJ-006,Engineering Project 06,DISC-005,Civil,27,27,27,310.48,323.44
STAT-006,Delayed,Open,PRJ-001,Engineering Project 01,DISC-003,Electrical,20,20,20,408.80,
STAT-001,Not Started,Open,PRJ-012,Engineering Project 12,,,4,4,4,228.50,
STAT-006,Delayed,Open,PRJ-003,Engineering Project 03,,,4,4,4,377.00,
STAT-001,Not Started,Open,PRJ-016,Engineering Project 16,,,3,1,3,11.33,
STAT-007,Cancelled,Closed,PRJ-010,Engineering Project 10,DISC-006,Project Management,2,0,0,0.00,
STAT-003,Under Review,Review,PRJ-003,Engineering Project 03,DISC-003,Electrical,21,21,21,342.00,353.43
STAT-001,Not Started,Open,PRJ-007,Engineering Project 07,DISC-005,Civil,13,13,13,277.85,
STAT-005,Rejected,Review,PRJ-015,Engineering Project 15,DISC-005,Civil,15,14,14,174.27,
STAT-005,Rejected,Review,PRJ-014,Engineering Project 14,,,1,1,1,135.00,
STAT-002,In Progress,Open,PRJ-006,Engineering Project 06,DISC-003,Electrical,31,31,31,350.45,
STAT-006,Delayed,Open,PRJ-007,Engineering Project 07,DISC-002,Mechanical,9,9,9,365.00,
STAT-005,Rejected,Review,PRJ-001,Engineering Project 01,DISC-004,Automation,15,15,15,371.27,
STAT-002,In Progress,Open,PRJ-003,Engineering Project 03,DISC-003,Electrical,33,33,33,390.30,
STAT-005,Rejected,Review,PRJ-003,Engineering Project 03,DISC-002,Mechanical,11,11,11,377.73,
STAT-003,Under Review,Review,PRJ-009,Engineering Project 09,DISC-005,Civil,34,34,34,216.32,229.18
STAT-006,Delayed,Open,PRJ-001,Engineering Project 01,,,1,1,1,239.00,
STAT-007,Cancelled,Closed,PRJ-009,Engineering Project 09,DISC-003,Electrical,8,0,2,0.00,
STAT-999,Invalid Status,Invalid Status,PRJ-005,Engineering Project 05,DISC-006,Project Management,5,0,5,0.00,
STAT-999,Invalid Status,Invalid Status,PRJ-012,Engineering Project 12,DISC-001,Process,5,0,5,0.00,
STAT-007,Cancelled,Closed,PRJ-008,Engineering Project 08,DISC-002,Mechanical,2,0,1,0.00,
STAT-004,Approved,Closed,PRJ-013,Engineering Project 13,DISC-001,Process,62,0,20,0.00,
STAT-006,Delayed,Open,PRJ-003,Engineering Project 03,DISC-006,Project Management,16,16,16,350.19,
STAT-001,Not Started,Open,PRJ-005,Engineering Project 05,,,1,1,1,162.00,
STAT-005,Rejected,Review,PRJ-006,Engineering Project 06,DISC-004,Automation,13,13,13,311.31,
STAT-001,Not Started,Open,PRJ-007,Engineering Project 07,DISC-001,Process,11,11,11,285.36,
STAT-006,Delayed,Open,PRJ-006,Engineering Project 06,DISC-004,Automation,24,24,24,358.42,
STAT-005,Rejected,Review,PRJ-013,Engineering Project 13,DISC-003,Electrical,12,11,11,124.92,
STAT-002,In Progress,Open,PRJ-008,Engineering Project 08,DISC-001,Process,39,39,39,265.49,
STAT-001,Not Started,Open,PRJ-008,Engineering Project 08,DISC-003,Electrical,13,13,13,292.31,
STAT-999,Invalid Status,Invalid Status,PRJ-017,Engineering Project 17,DISC-006,Project Management,3,0,3,0.00,
STAT-007,Cancelled,Closed,PRJ-014,Engineering Project 14,DISC-004,Automation,2,0,0,0.00,
STAT-005,Rejected,Review,PRJ-012,Engineering Project 12,DISC-001,Process,15,15,15,203.07,
STAT-999,Invalid Status,Invalid Status,PRJ-011,Engineering Project 11,DISC-005,Civil,2,0,2,0.00,
STAT-001,Not Started,Open,PRJ-005,Engineering Project 05,DISC-006,Project Management,13,13,13,286.62,
STAT-004,Approved,Closed,PRJ-001,Engineering Project 01,DISC-001,Process,58,0,58,0.00,
STAT-004,Approved,Closed,PRJ-002,Engineering Project 02,DISC-004,Automation,69,0,19,0.00,
STAT-007,Cancelled,Closed,PRJ-001,Engineering Project 01,DISC-006,Project Management,3,0,3,0.00,
STAT-001,Not Started,Open,PRJ-005,Engineering Project 05,DISC-001,Process,14,14,14,244.71,
STAT-999,Invalid Status,Invalid Status,PRJ-003,Engineering Project 03,DISC-006,Project Management,3,0,3,0.00,
STAT-999,Invalid Status,Invalid Status,PRJ-003,Engineering Project 03,DISC-002,Mechanical,6,0,6,0.00,
STAT-003,Under Review,Review,PRJ-009,Engineering Project 09,,,6,4,6,140.17,150.33
STAT-005,Rejected,Review,PRJ-006,Engineering Project 06,DISC-005,Civil,14,14,14,313.93,
STAT-003,Under Review,Review,PRJ-012,Engineering Project 12,DISC-001,Process,36,36,36,184.14,194.19
STAT-007,Cancelled,Closed,PRJ-018,Engineering Project 18,DISC-005,Civil,1,0,1,0.00,
STAT-003,Under Review,Review,PRJ-017,Engineering Project 17,,,4,4,4,135.75,146.75
STAT-006,Delayed,Open,PRJ-001,Engineering Project 01,DISC-004,Automation,13,13,13,395.15,
STAT-004,Approved,Closed,PRJ-002,Engineering Project 02,DISC-003,Electrical,67,0,22,0.00,
STAT-004,Approved,Closed,PRJ-002,Engineering Project 02,DISC-002,Mechanical,73,0,24,0.00,
STAT-999,Invalid Status,Invalid Status,PRJ-011,Engineering Project 11,DISC-001,Process,2,0,2,0.00,
STAT-007,Cancelled,Closed,PRJ-002,Engineering Project 02,DISC-001,Process,2,0,0,0.00,
STAT-003,Under Review,Review,PRJ-014,Engineering Project 14,,,2,2,2,167.50,174.50
STAT-005,Rejected,Review,PRJ-013,Engineering Project 13,DISC-002,Mechanical,15,15,15,157.87,
STAT-999,Invalid Status,Invalid Status,PRJ-016,Engineering Project 16,DISC-005,Civil,2,0,2,0.00,
STAT-004,Approved,Closed,PRJ-009,Engineering Project 09,DISC-005,Civil,71,0,22,0.00,
STAT-002,In Progress,Open,PRJ-015,Engineering Project 15,DISC-002,Mechanical,39,23,30,120.95,
STAT-006,Delayed,Open,PRJ-012,Engineering Project 12,DISC-001,Process,19,19,19,161.21,
STAT-001,Not Started,Open,PRJ-014,Engineering Project 14,DISC-001,Process,28,17,20,131.04,
STAT-004,Approved,Closed,PRJ-012,Engineering Project 12,DISC-002,Mechanical,64,0,11,0.00,
STAT-003,Under Review,Review,PRJ-012,Engineering Project 12,DISC-004,Automation,36,34,34,186.36,198.86
STAT-002,In Progress,Open,PRJ-001,Engineering Project 01,DISC-005,Civil,29,29,29,387.62,
STAT-002,In Progress,Open,PRJ-002,Engineering Project 02,,,5,5,5,444.20,
STAT-002,In Progress,Open,PRJ-006,Engineering Project 06,DISC-004,Automation,28,28,28,346.46,
STAT-006,Delayed,Open,PRJ-013,Engineering Project 13,DISC-005,Civil,20,20,20,156.95,
STAT-999,Invalid Status,Invalid Status,PRJ-011,Engineering Project 11,DISC-003,Electrical,3,0,3,0.00,
STAT-001,Not Started,Open,PRJ-010,Engineering Project 10,DISC-004,Automation,9,9,9,305.00,
STAT-002,In Progress,Open,PRJ-003,Engineering Project 03,DISC-002,Mechanical,31,31,31,349.58,
STAT-999,Invalid Status,Invalid Status,PRJ-018,Engineering Project 18,DISC-002,Mechanical,2,0,2,0.00,
STAT-003,Under Review,Review,PRJ-005,Engineering Project 05,DISC-006,Project Management,39,39,39,252.03,264.26
STAT-007,Cancelled,Closed,PRJ-007,Engineering Project 07,DISC-006,Project Management,2,0,0,0.00,
STAT-004,Approved,Closed,PRJ-003,Engineering Project 03,DISC-005,Civil,77,0,21,0.00,
STAT-002,In Progress,Open,PRJ-013,Engineering Project 13,DISC-003,Electrical,34,34,34,161.62,
STAT-005,Rejected,Review,PRJ-005,Engineering Project 05,DISC-004,Automation,11,11,11,312.00,
STAT-006,Delayed,Open,PRJ-014,Engineering Project 14,DISC-002,Mechanical,13,13,13,195.23,
STAT-003,Under Review,Review,PRJ-015,Engineering Project 15,DISC-005,Civil,12,12,12,181.50,192.50
STAT-007,Cancelled,Closed,PRJ-015,Engineering Project 15,DISC-002,Mechanical,2,0,1,0.00,
STAT-004,Approved,Closed,PRJ-008,Engineering Project 08,DISC-002,Mechanical,67,0,19,0.00,
STAT-002,In Progress,Open,PRJ-009,Engineering Project 09,DISC-002,Mechanical,41,40,40,214.85,
STAT-007,Cancelled,Closed,PRJ-017,Engineering Project 17,DISC-004,Automation,4,0,4,0.00,
STAT-003,Under Review,Review,PRJ-013,Engineering Project 13,DISC-004,Automation,30,30,30,189.90,200.37
STAT-003,Under Review,Review,PRJ-016,Engineering Project 16,DISC-006,Project Management,25,25,25,154.08,165.16
STAT-006,Delayed,Open,PRJ-009,Engineering Project 09,DISC-002,Mechanical,17,17,17,227.06,
STAT-002,In Progress,Open,PRJ-018,Engineering Project 18,DISC-003,Electrical,36,21,36,90.67,
STAT-001,Not Started,Open,PRJ-018,Engineering Project 18,DISC-002,Mechanical,46,11,46,35.91,
STAT-007,Cancelled,Closed,PRJ-007,Engineering Project 07,DISC-003,Electrical,4,0,1,0.00,
STAT-003,Under Review,Review,PRJ-014,Engineering Project 14,DISC-002,Mechanical,42,41,41,159.26,173.81
STAT-007,Cancelled,Closed,PRJ-012,Engineering Project 12,DISC-004,Automation,3,0,2,0.00,
STAT-006,Delayed,Open,PRJ-004,Engineering Project 04,DISC-006,Project Management,14,14,14,310.71,
STAT-002,In Progress,Open,PRJ-009,Engineering Project 09,DISC-003,Electrical,25,24,24,200.16,
STAT-007,Cancelled,Closed,PRJ-007,Engineering Project 07,DISC-005,Civil,2,0,1,0.00,
STAT-002,In Progress,Open,PRJ-011,Engineering Project 11,DISC-005,Civil,40,40,40,230.58,
STAT-001,Not Started,Open,PRJ-017,Engineering Project 17,DISC-006,Project Management,54,12,54,42.63,
STAT-999,Invalid Status,Invalid Status,PRJ-018,Engineering Project 18,DISC-005,Civil,6,0,6,0.00,
STAT-006,Delayed,Open,PRJ-016,Engineering Project 16,DISC-002,Mechanical,12,12,12,158.17,
STAT-001,Not Started,Open,PRJ-018,Engineering Project 18,DISC-005,Civil,49,16,49,37.90,
STAT-004,Approved,Closed,PRJ-002,Engineering Project 02,DISC-006,Project Management,65,0,11,0.00,
STAT-007,Cancelled,Closed,PRJ-005,Engineering Project 05,DISC-006,Project Management,5,0,0,0.00,
STAT-999,Invalid Status,Invalid Status,PRJ-003,Engineering Project 03,,,1,0,1,0.00,
STAT-003,Under Review,Review,PRJ-009,Engineering Project 09,DISC-002,Mechanical,27,26,26,225.11,236.56
STAT-999,Invalid Status,Invalid Status,PRJ-015,Engineering Project 15,,,1,0,1,0.00,
STAT-005,Rejected,Review,PRJ-006,Engineering Project 06,DISC-003,Electrical,9,9,9,320.11,
STAT-003,Under Review,Review,PRJ-005,Engineering Project 05,DISC-003,Electrical,43,43,43,231.07,244.65
STAT-999,Invalid Status,Invalid Status,PRJ-002,Engineering Project 02,DISC-006,Project Management,2,0,2,0.00,
STAT-001,Not Started,Open,PRJ-015,Engineering Project 15,DISC-004,Automation,45,11,20,28.67,
STAT-001,Not Started,Open,PRJ-011,Engineering Project 11,DISC-006,Project Management,21,21,21,198.48,
STAT-002,In Progress,Open,PRJ-013,Engineering Project 13,DISC-002,Mechanical,29,29,29,186.52,
STAT-999,Invalid Status,Invalid Status,PRJ-010,Engineering Project 10,DISC-006,Project Management,4,0,4,0.00,
STAT-999,Invalid Status,Invalid Status,PRJ-014,Engineering Project 14,DISC-002,Mechanical,4,0,4,0.00,
STAT-006,Delayed,Open,PRJ-014,Engineering Project 14,DISC-004,Automation,20,20,20,139.45,
STAT-006,Delayed,Open,PRJ-007,Engineering Project 07,DISC-006,Project Management,22,22,22,286.86,
STAT-001,Not Started,Open,PRJ-005,Engineering Project 05,DISC-004,Automation,17,17,17,249.24,
STAT-004,Approved,Closed,PRJ-016,Engineering Project 16,DISC-006,Project Management,58,0,19,0.00,
STAT-003,Under Review,Review,PRJ-002,Engineering Project 02,,,8,8,8,257.63,269.50
STAT-006,Delayed,Open,PRJ-002,Engineering Project 02,DISC-004,Automation,23,23,23,237.00,
STAT-005,Rejected,Review,PRJ-001,Engineering Project 01,DISC-006,Project Management,13,13,13,347.69,
STAT-999,Invalid Status,Invalid Status,PRJ-005,Engineering Project 05,DISC-001,Process,4,0,4,0.00,
STAT-002,In Progress,Open,PRJ-013,Engineering Project 13,DISC-006,Project Management,21,21,21,178.67,
STAT-003,Under Review,Review,PRJ-007,Engineering Project 07,DISC-001,Process,28,28,28,282.93,294.43
STAT-007,Cancelled,Closed,PRJ-017,Engineering Project 17,DISC-003,Electrical,1,0,1,0.00,
STAT-005,Rejected,Review,PRJ-010,Engineering Project 10,,,1,1,1,237.00,
STAT-001,Not Started,Open,PRJ-003,Engineering Project 03,DISC-006,Project Management,16,16,16,359.69,
STAT-007,Cancelled,Closed,PRJ-014,Engineering Project 14,DISC-003,Electrical,3,0,1,0.00,
STAT-002,In Progress,Open,PRJ-016,Engineering Project 16,DISC-004,Automation,31,20,21,97.90,
STAT-004,Approved,Closed,PRJ-004,Engineering Project 04,DISC-004,Automation,62,0,21,0.00,
STAT-006,Delayed,Open,PRJ-011,Engineering Project 11,DISC-002,Mechanical,15,15,15,237.60,
STAT-003,Under Review,Review,PRJ-016,Engineering Project 16,DISC-002,Mechanical,25,25,25,169.72,182.36
STAT-999,Invalid Status,Invalid Status,PRJ-015,Engineering Project 15,DISC-006,Project Management,2,0,2,0.00,
STAT-003,Under Review,Review,PRJ-012,Engineering Project 12,DISC-005,Civil,43,43,43,169.33,181.12
STAT-999,Invalid Status,Invalid Status,PRJ-016,Engineering Project 16,DISC-006,Project Management,2,0,2,0.00,
STAT-007,Cancelled,Closed,PRJ-014,Engineering Project 14,DISC-006,Project Management,3,0,0,0.00,
STAT-003,Under Review,Review,PRJ-004,Engineering Project 04,DISC-002,Mechanical,25,25,25,336.56,351.40
STAT-005,Rejected,Review,PRJ-015,Engineering Project 15,DISC-004,Automation,8,8,8,147.00,
STAT-005,Rejected,Review,PRJ-003,Engineering Project 03,DISC-006,Project Management,10,10,10,321.60,
STAT-004,Approved,Closed,PRJ-004,Engineering Project 04,DISC-003,Electrical,56,0,20,0.00,
STAT-004,Approved,Closed,PRJ-012,Engineering Project 12,DISC-003,Electrical,66,0,18,0.00,
STAT-999,Invalid Status,Invalid Status,PRJ-016,Engineering Project 16,DISC-001,Process,3,0,3,0.00,
STAT-001,Not Started,Open,PRJ-006,Engineering Project 06,,,4,4,4,373.75,
STAT-999,Invalid Status,Invalid Status,PRJ-006,Engineering Project 06,,,1,0,1,0.00,
STAT-006,Delayed,Open,PRJ-008,Engineering Project 08,,,2,2,2,271.50,
STAT-003,Under Review,Review,PRJ-014,Engineering Project 14,DISC-003,Electrical,32,29,29,151.47,164.25
STAT-005,Rejected,Review,PRJ-008,Engineering Project 08,DISC-001,Process,19,19,19,223.37,
STAT-004,Approved,Closed,PRJ-017,Engineering Project 17,DISC-001,Process,26,0,26,0.00,
STAT-007,Cancelled,Closed,PRJ-010,Engineering Project 10,DISC-004,Automation,1,0,0,0.00,
STAT-001,Not Started,Open,PRJ-011,Engineering Project 11,DISC-004,Automation,10,10,10,265.30,
STAT-005,Rejected,Review,PRJ-015,Engineering Project 15,DISC-003,Electrical,8,7,7,129.63,
STAT-007,Cancelled,Closed,PRJ-015,Engineering Project 15,DISC-005,Civil,6,0,1,0.00,
STAT-001,Not Started,Open,PRJ-008,Engineering Project 08,DISC-004,Automation,13,13,13,239.69,
STAT-006,Delayed,Open,PRJ-006,Engineering Project 06,DISC-005,Civil,22,22,22,353.05,
STAT-003,Under Review,Review,PRJ-012,Engineering Project 12,DISC-003,Electrical,34,34,34,188.09,201.79
STAT-004,Approved,Closed,PRJ-018,Engineering Project 18,DISC-006,Project Management,45,0,45,0.00,
STAT-004,Approved,Closed,PRJ-010,Engineering Project 10,DISC-004,Automation,46,0,11,0.00,
STAT-003,Under Review,Review,PRJ-004,Engineering Project 04,,,4,4,4,345.75,354.00
STAT-005,Rejected,Review,PRJ-014,Engineering Project 14,DISC-006,Project Management,16,16,16,137.88,
STAT-004,Approved,Closed,PRJ-003,Engineering Project 03,DISC-002,Mechanical,74,0,21,0.00,
STAT-007,Cancelled,Closed,PRJ-005,Engineering Project 05,DISC-001,Process,4,0,2,0.00,
STAT-004,Approved,Closed,PRJ-008,Engineering Project 08,DISC-001,Process,78,0,23,0.00,
STAT-006,Delayed,Open,PRJ-017,Engineering Project 17,DISC-002,Mechanical,10,10,10,179.50,
STAT-005,Rejected,Review,PRJ-010,Engineering Project 10,DISC-002,Mechanical,19,19,19,230.68,
STAT-004,Approved,Closed,PRJ-014,Engineering Project 14,DISC-005,Civil,63,0,18,0.00,
STAT-007,Cancelled,Closed,PRJ-005,Engineering Project 05,DISC-004,Automation,2,0,1,0.00,
STAT-006,Delayed,Open,PRJ-012,Engineering Project 12,,,4,4,4,146.00,
STAT-003,Under Review,Review,PRJ-011,Engineering Project 11,DISC-004,Automation,27,27,27,212.26,224.30
STAT-004,Approved,Closed,PRJ-013,Engineering Project 13,DISC-003,Electrical,73,0,23,0.00,
STAT-002,In Progress,Open,PRJ-003,Engineering Project 03,DISC-006,Project Management,35,35,35,344.46,
STAT-002,In Progress,Open,PRJ-005,Engineering Project 05,DISC-005,Civil,29,29,29,259.76,
STAT-007,Cancelled,Closed,PRJ-008,Engineering Project 08,DISC-001,Process,3,0,3,0.00,
STAT-002,In Progress,Open,PRJ-012,Engineering Project 12,DISC-001,Process,33,33,33,180.73,
STAT-002,In Progress,Open,PRJ-014,Engineering Project 14,DISC-004,Automation,40,35,36,158.25,
STAT-006,Delayed,Open,PRJ-001,Engineering Project 01,DISC-001,Process,17,17,17,362.94,
STAT-002,In Progress,Open,PRJ-016,Engineering Project 16,DISC-001,Process,41,28,29,99.22,
STAT-999,Invalid Status,Invalid Status,PRJ-006,Engineering Project 06,DISC-006,Project Management,2,0,2,0.00,
STAT-003,Under Review,Review,PRJ-001,Engineering Project 01,DISC-006,Project Management,28,28,28,378.29,392.00
STAT-006,Delayed,Open,PRJ-005,Engineering Project 05,DISC-002,Mechanical,20,20,20,280.95,
STAT-001,Not Started,Open,PRJ-009,Engineering Project 09,,,1,1,1,417.00,
STAT-003,Under Review,Review,PRJ-005,Engineering Project 05,DISC-002,Mechanical,37,37,37,272.41,285.08
STAT-999,Invalid Status,Invalid Status,PRJ-012,Engineering Project 12,DISC-004,Automation,3,0,3,0.00,
STAT-007,Cancelled,Closed,PRJ-016,Engineering Project 16,DISC-005,Civil,4,0,1,0.00,
STAT-007,Cancelled,Closed,PRJ-002,Engineering Project 02,DISC-005,Civil,3,0,0,0.00,
STAT-005,Rejected,Review,PRJ-010,Engineering Project 10,DISC-005,Civil,18,18,18,216.00,
STAT-007,Cancelled,Closed,PRJ-014,Engineering Project 14,DISC-001,Process,2,0,0,0.00,
STAT-001,Not Started,Open,PRJ-007,Engineering Project 07,DISC-004,Automation,12,12,12,268.75,
STAT-006,Delayed,Open,PRJ-012,Engineering Project 12,DISC-005,Civil,30,30,30,206.53,
STAT-003,Under Review,Review,PRJ-005,Engineering Project 05,,,6,6,6,357.83,370.67
STAT-003,Under Review,Review,PRJ-002,Engineering Project 02,DISC-001,Process,35,35,35,272.34,285.20
STAT-004,Approved,Closed,PRJ-007,Engineering Project 07,,,10,0,10,0.00,
STAT-005,Rejected,Review,PRJ-017,Engineering Project 17,DISC-002,Mechanical,9,9,9,156.67,
STAT-001,Not Started,Open,PRJ-012,Engineering Project 12,DISC-006,Project Management,7,7,7,162.00,
STAT-004,Approved,Closed,PRJ-014,Engineering Project 14,DISC-006,Project Management,62,0,17,0.00,
STAT-004,Approved,Closed,PRJ-017,Engineering Project 17,DISC-004,Automation,39,0,39,0.00,
STAT-007,Cancelled,Closed,PRJ-004,Engineering Project 04,DISC-001,Process,3,0,1,0.00,
STAT-003,Under Review,Review,PRJ-003,Engineering Project 03,DISC-002,Mechanical,28,28,28,333.79,344.64
STAT-001,Not Started,Open,PRJ-014,Engineering Project 14,DISC-002,Mechanical,30,20,23,112.07,
STAT-003,Under Review,Review,PRJ-013,Engineering Project 13,DISC-001,Process,33,33,33,202.64,213.88
STAT-003,Under Review,Review,PRJ-006,Engineering Project 06,DISC-003,Electrical,38,38,38,330.53,343.97
STAT-002,In Progress,Open,PRJ-014,Engineering Project 14,DISC-003,Electrical,38,35,35,156.74,
STAT-999,Invalid Status,Invalid Status,PRJ-009,Engineering Project 09,DISC-004,Automation,1,0,1,0.00,
STAT-001,Not Started,Open,PRJ-016,Engineering Project 16,DISC-002,Mechanical,52,17,27,59.21,
STAT-001,Not Started,Open,PRJ-016,Engineering Project 16,DISC-004,Automation,41,8,18,15.49,
STAT-006,Delayed,Open,PRJ-016,Engineering Project 16,DISC-005,Civil,14,14,14,147.29,
STAT-002,In Progress,Open,PRJ-015,Engineering Project 15,DISC-006,Project Management,28,12,17,74.29,
STAT-004,Approved,Closed,PRJ-009,Engineering Project 09,,,12,0,12,0.00,
STAT-007,Cancelled,Closed,PRJ-016,Engineering Project 16,DISC-003,Electrical,4,0,2,0.00,
STAT-005,Rejected,Review,PRJ-014,Engineering Project 14,DISC-003,Electrical,11,11,11,190.45,
STAT-999,Invalid Status,Invalid Status,PRJ-012,Engineering Project 12,DISC-005,Civil,2,0,2,0.00,
STAT-006,Delayed,Open,PRJ-016,Engineering Project 16,DISC-001,Process,12,12,12,173.67,
STAT-002,In Progress,Open,PRJ-011,Engineering Project 11,DISC-004,Automation,21,21,21,254.52,
STAT-007,Cancelled,Closed,PRJ-008,Engineering Project 08,DISC-004,Automation,3,0,0,0.00,
STAT-001,Not Started,Open,PRJ-003,Engineering Project 03,DISC-005,Civil,11,11,11,348.18,
STAT-001,Not Started,Open,PRJ-008,Engineering Project 08,DISC-005,Civil,14,14,14,216.93,
STAT-001,Not Started,Open,PRJ-017,Engineering Project 17,DISC-003,Electrical,68,9,68,21.00,
STAT-004,Approved,Closed,PRJ-006,Engineering Project 06,DISC-001,Process,73,0,27,0.00,
STAT-007,Cancelled,Closed,PRJ-004,Engineering Project 04,DISC-006,Project Management,5,0,1,0.00,
STAT-999,Invalid Status,Invalid Status,PRJ-003,Engineering Project 03,DISC-001,Process,3,0,3,0.00,
STAT-006,Delayed,Open,PRJ-004,Engineering Project 04,DISC-001,Process,16,16,16,346.31,
STAT-007,Cancelled,Closed,PRJ-003,Engineering Project 03,DISC-006,Project Management,3,0,1,0.00,
STAT-005,Rejected,Review,PRJ-014,Engineering Project 14,DISC-004,Automation,15,15,15,155.33,
STAT-003,Under Review,Review,PRJ-015,Engineering Project 15,,,3,3,3,156.67,170.00
STAT-005,Rejected,Review,PRJ-007,Engineering Project 07,,,2,2,2,388.50,
STAT-999,Invalid Status,Invalid Status,PRJ-009,Engineering Project 09,,,2,0,2,0.00,
STAT-999,Invalid Status,Invalid Status,PRJ-017,Engineering Project 17,,,1,0,1,0.00,
STAT-001,Not Started,Open,PRJ-012,Engineering Project 12,DISC-005,Civil,17,17,17,172.88,
STAT-002,In Progress,Open,PRJ-013,Engineering Project 13,DISC-001,Process,32,32,32,180.06,
STAT-001,Not Started,Open,PRJ-010,Engineering Project 10,DISC-001,Process,12,12,12,235.00,
STAT-003,Under Review,Review,PRJ-002,Engineering Project 02,DISC-002,Mechanical,35,35,35,323.66,335.20
STAT-006,Delayed,Open,PRJ-009,Engineering Project 09,,,1,1,1,153.00,
STAT-001,Not Started,Open,PRJ-017,Engineering Project 17,,,12,3,12,35.75,
STAT-004,Approved,Closed,PRJ-018,Engineering Project 18,DISC-002,Mechanical,50,0,50,0.00,
STAT-999,Invalid Status,Invalid Status,PRJ-001,Engineering Project 01,DISC-001,Process,6,0,6,0.00,
STAT-005,Rejected,Review,PRJ-003,Engineering Project 03,DISC-004,Automation,14,14,14,321.71,
STAT-002,In Progress,Open,PRJ-007,Engineering Project 07,DISC-004,Automation,37,37,37,315.11,
STAT-003,Under Review,Review,PRJ-017,Engineering Project 17,DISC-001,Process,9,9,9,169.67,180.22
STAT-999,Invalid Status,Invalid Status,PRJ-009,Engineering Project 09,DISC-005,Civil,4,0,4,0.00,
STAT-004,Approved,Closed,PRJ-011,Engineering Project 11,,,10,0,10,0.00,
STAT-007,Cancelled,Closed,PRJ-005,Engineering Project 05,DISC-005,Civil,3,0,1,0.00,
STAT-999,Invalid Status,Invalid Status,PRJ-008,Engineering Project 08,DISC-002,Mechanical,4,0,4,0.00,
STAT-006,Delayed,Open,PRJ-005,Engineering Project 05,DISC-005,Civil,18,18,18,326.83,
STAT-002,In Progress,Open,PRJ-017,Engineering Project 17,DISC-006,Project Management,48,25,48,77.88,
STAT-002,In Progress,Open,PRJ-015,Engineering Project 15,DISC-005,Civil,25,12,15,69.08,
STAT-003,Under Review,Review,PRJ-009,Engineering Project 09,DISC-004,Automation,29,28,29,198.86,210.45
STAT-003,Under Review,Review,PRJ-018,Engineering Project 18,DISC-003,Electrical,35,35,35,128.54,139.23
STAT-001,Not Started,Open,PRJ-010,Engineering Project 10,DISC-003,Electrical,18,18,18,240.94,
STAT-004,Approved,Closed,PRJ-002,Engineering Project 02,,,6,0,6,0.00,
STAT-001,Not Started,Open,PRJ-011,Engineering Project 11,,,3,3,3,216.00,
STAT-005,Rejected,Review,PRJ-016,Engineering Project 16,DISC-003,Electrical,9,8,8,127.44,
STAT-002,In Progress,Open,PRJ-006,Engineering Project 06,DISC-005,Civil,43,43,43,357.21,
STAT-005,Rejected,Review,PRJ-018,Engineering Project 18,DISC-006,Project Management,12,11,12,98.42,
STAT-002,In Progress,Open,PRJ-002,Engineering Project 02,DISC-003,Electrical,24,24,24,276.71,
STAT-999,Invalid Status,Invalid Status,PRJ-014,Engineering Project 14,DISC-003,Electrical,1,0,1,0.00,
STAT-003,Under Review,Review,PRJ-004,Engineering Project 04,DISC-004,Automation,45,45,45,352.69,364.33
STAT-005,Rejected,Review,PRJ-008,Engineering Project 08,DISC-002,Mechanical,12,12,12,294.33,
STAT-005,Rejected,Review,PRJ-013,Engineering Project 13,DISC-005,Civil,14,14,14,172.07,
STAT-004,Approved,Closed,PRJ-010,Engineering Project 10,DISC-001,Process,63,0,22,0.00,
STAT-006,Delayed,Open,PRJ-006,Engineering Project 06,,,3,3,3,353.67,
STAT-005,Rejected,Review,PRJ-009,Engineering Project 09,DISC-001,Process,13,13,13,218.08,
STAT-999,Invalid Status,Invalid Status,PRJ-010,Engineering Project 10,DISC-002,Mechanical,4,0,4,0.00,
STAT-005,Rejected,Review,PRJ-008,Engineering Project 08,,,1,1,1,343.00,
STAT-003,Under Review,Review,PRJ-008,Engineering Project 08,DISC-001,Process,26,26,26,280.73,293.96
STAT-003,Under Review,Review,PRJ-010,Engineering Project 10,DISC-003,Electrical,33,33,33,248.79,262.45
STAT-006,Delayed,Open,PRJ-014,Engineering Project 14,DISC-001,Process,15,15,15,190.80,
STAT-001,Not Started,Open,PRJ-001,Engineering Project 01,DISC-001,Process,16,16,16,360.00,
STAT-001,Not Started,Open,PRJ-017,Engineering Project 17,DISC-005,Civil,51,6,51,16.25,
STAT-003,Under Review,Review,PRJ-016,Engineering Project 16,DISC-005,Civil,26,26,26,155.50,170.65
STAT-007,Cancelled,Closed,PRJ-014,Engineering Project 14,DISC-002,Mechanical,7,0,3,0.00,
STAT-004,Approved,Closed,PRJ-006,Engineering Project 06,DISC-004,Automation,51,0,15,0.00,
STAT-002,In Progress,Open,PRJ-005,Engineering Project 05,DISC-004,Automation,36,36,36,258.42,
STAT-007,Cancelled,Closed,PRJ-011,Engineering Project 11,,,1,0,1,0.00,
STAT-005,Rejected,Review,PRJ-007,Engineering Project 07,DISC-003,Electrical,8,8,8,341.00,
STAT-999,Invalid Status,Invalid Status,PRJ-004,Engineering Project 04,DISC-006,Project Management,1,0,1,0.00,
STAT-005,Rejected,Review,PRJ-008,Engineering Project 08,DISC-004,Automation,11,11,11,272.09,
STAT-001,Not Started,Open,PRJ-018,Engineering Project 18,,,10,1,10,18.20,
STAT-999,Invalid Status,Invalid Status,PRJ-003,Engineering Project 03,DISC-004,Automation,1,0,1,0.00,
STAT-005,Rejected,Review,PRJ-017,Engineering Project 17,DISC-005,Civil,7,7,7,103.57,
STAT-001,Not Started,Open,PRJ-006,Engineering Project 06,DISC-005,Civil,15,15,15,320.47,
STAT-006,Delayed,Open,PRJ-018,Engineering Project 18,DISC-002,Mechanical,14,14,14,136.36,
STAT-002,In Progress,Open,PRJ-009,Engineering Project 09,DISC-006,Project Management,26,25,25,185.27,
STAT-005,Rejected,Review,PRJ-018,Engineering Project 18,DISC-004,Automation,9,9,9,178.11,
STAT-007,Cancelled,Closed,PRJ-016,Engineering Project 16,DISC-004,Automation,4,0,0,0.00,
STAT-004,Approved,Closed,PRJ-002,Engineering Project 02,DISC-001,Process,58,0,21,0.00,
STAT-999,Invalid Status,Invalid Status,PRJ-011,Engineering Project 11,DISC-002,Mechanical,2,0,2,0.00,
STAT-002,In Progress,Open,PRJ-008,Engineering Project 08,DISC-005,Civil,33,33,33,234.88,
STAT-007,Cancelled,Closed,PRJ-002,Engineering Project 02,DISC-006,Project Management,3,0,2,0.00,
STAT-999,Invalid Status,Invalid Status,PRJ-007,Engineering Project 07,DISC-003,Electrical,2,0,2,0.00,
STAT-002,In Progress,Open,PRJ-008,Engineering Project 08,DISC-003,Electrical,33,33,33,247.03,
STAT-001,Not Started,Open,PRJ-006,Engineering Project 06,DISC-001,Process,18,18,18,357.50,
STAT-002,In Progress,Open,PRJ-004,Engineering Project 04,,,3,3,3,367.00,
STAT-007,Cancelled,Closed,PRJ-009,Engineering Project 09,DISC-002,Mechanical,2,0,0,0.00,
STAT-006,Delayed,Open,PRJ-005,Engineering Project 05,DISC-004,Automation,18,18,18,270.89,
STAT-001,Not Started,Open,PRJ-008,Engineering Project 08,,,5,5,5,257.00,
STAT-004,Approved,Closed,PRJ-002,Engineering Project 02,DISC-005,Civil,49,0,17,0.00,
STAT-999,Invalid Status,Invalid Status,PRJ-001,Engineering Project 01,DISC-002,Mechanical,1,0,1,0.00,
STAT-005,Rejected,Review,PRJ-013,Engineering Project 13,DISC-001,Process,17,16,16,175.06,
STAT-002,In Progress,Open,PRJ-014,Engineering Project 14,,,8,8,8,135.00,
STAT-002,In Progress,Open,PRJ-004,Engineering Project 04,DISC-006,Project Management,29,29,29,365.69,
STAT-006,Delayed,Open,PRJ-011,Engineering Project 11,DISC-006,Project Management,17,17,17,201.12,
STAT-001,Not Started,Open,PRJ-010,Engineering Project 10,DISC-005,Civil,19,19,19,221.95,
STAT-003,Under Review,Review,PRJ-015,Engineering Project 15,DISC-004,Automation,20,20,20,112.70,126.70
STAT-005,Rejected,Review,PRJ-018,Engineering Project 18,DISC-001,Process,8,6,8,114.25,
STAT-004,Approved,Closed,PRJ-007,Engineering Project 07,DISC-001,Process,64,0,17,0.00,
STAT-001,Not Started,Open,PRJ-006,Engineering Project 06,DISC-003,Electrical,15,15,15,351.67,
STAT-001,Not Started,Open,PRJ-004,Engineering Project 04,DISC-002,Mechanical,15,15,15,398.07,
STAT-002,In Progress,Open,PRJ-001,Engineering Project 01,DISC-001,Process,31,31,31,385.65,
STAT-002,In Progress,Open,PRJ-008,Engineering Project 08,DISC-002,Mechanical,25,25,25,266.84,
STAT-004,Approved,Closed,PRJ-015,Engineering Project 15,DISC-005,Civil,34,0,13,0.00,
STAT-006,Delayed,Open,PRJ-018,Engineering Project 18,,,2,2,2,138.00,
STAT-001,Not Started,Open,PRJ-005,Engineering Project 05,DISC-005,Civil,7,7,7,267.29,
STAT-005,Rejected,Review,PRJ-004,Engineering Project 04,DISC-001,Process,12,12,12,347.58,
STAT-001,Not Started,Open,PRJ-010,Engineering Project 10,DISC-002,Mechanical,8,8,8,268.00,
STAT-006,Delayed,Open,PRJ-008,Engineering Project 08,DISC-005,Civil,13,13,13,302.69,
STAT-999,Invalid Status,Invalid Status,PRJ-009,Engineering Project 09,DISC-002,Mechanical,4,0,4,0.00,
STAT-004,Approved,Closed,PRJ-010,Engineering Project 10,DISC-002,Mechanical,60,0,17,0.00,
STAT-002,In Progress,Open,PRJ-005,Engineering Project 05,,,7,7,7,377.43,
STAT-006,Delayed,Open,PRJ-004,Engineering Project 04,DISC-003,Electrical,17,17,17,342.59,
STAT-007,Cancelled,Closed,PRJ-009,Engineering Project 09,DISC-006,Project Management,10,0,1,0.00,
STAT-007,Cancelled,Closed,PRJ-005,Engineering Project 05,DISC-002,Mechanical,5,0,0,0.00,
STAT-005,Rejected,Review,PRJ-011,Engineering Project 11,DISC-001,Process,14,14,14,215.86,
STAT-003,Under Review,Review,PRJ-001,Engineering Project 01,DISC-004,Automation,38,38,38,375.03,387.00
STAT-004,Approved,Closed,PRJ-018,Engineering Project 18,DISC-001,Process,41,0,41,0.00,
STAT-006,Delayed,Open,PRJ-014,Engineering Project 14,DISC-003,Electrical,14,14,14,155.64,
STAT-004,Approved,Closed,PRJ-018,Engineering Project 18,,,10,0,10,0.00,
STAT-003,Under Review,Review,PRJ-006,Engineering Project 06,DISC-001,Process,27,27,27,337.78,351.11
STAT-999,Invalid Status,Invalid Status,PRJ-016,Engineering Project 16,,,1,0,1,0.00,
STAT-005,Rejected,Review,PRJ-002,Engineering Project 02,DISC-001,Process,10,10,10,239.30,
STAT-002,In Progress,Open,PRJ-018,Engineering Project 18,DISC-006,Project Management,37,25,37,99.08,
STAT-006,Delayed,Open,PRJ-011,Engineering Project 11,,,1,1,1,103.00,
STAT-001,Not Started,Open,PRJ-013,Engineering Project 13,DISC-005,Civil,12,12,12,219.33,
STAT-007,Cancelled,Closed,PRJ-001,Engineering Project 01,DISC-002,Mechanical,1,0,1,0.00,
STAT-001,Not Started,Open,PRJ-012,Engineering Project 12,DISC-002,Mechanical,10,10,10,209.50,
STAT-999,Invalid Status,Invalid Status,PRJ-005,Engineering Project 05,DISC-003,Electrical,2,0,2,0.00,
STAT-005,Rejected,Review,PRJ-014,Engineering Project 14,DISC-001,Process,13,13,13,130.92,
STAT-002,In Progress,Open,PRJ-005,Engineering Project 05,DISC-006,Project Management,27,27,27,269.81,
STAT-001,Not Started,Open,PRJ-008,Engineering Project 08,DISC-001,Process,8,8,8,213.63,
STAT-005,Rejected,Review,PRJ-002,Engineering Project 02,DISC-006,Project Management,13,13,13,337.31,
STAT-006,Delayed,Open,PRJ-011,Engineering Project 11,DISC-005,Civil,19,19,19,225.53,
STAT-003,Under Review,Review,PRJ-013,Engineering Project 13,DISC-006,Project Management,35,35,35,169.69,182.54
STAT-007,Cancelled,Closed,PRJ-018,Engineering Project 18,DISC-003,Electrical,3,0,3,0.00,
STAT-007,Cancelled,Closed,PRJ-016,Engineering Project 16,DISC-006,Project Management,4,0,1,0.00,
STAT-004,Approved,Closed,PRJ-003,Engineering Project 03,DISC-003,Electrical,80,0,31,0.00,
STAT-003,Under Review,Review,PRJ-016,Engineering Project 16,,,1,1,1,262.00,268.00
STAT-003,Under Review,Review,PRJ-013,Engineering Project 13,DISC-005,Civil,35,35,35,169.69,184.83
STAT-004,Approved,Closed,PRJ-001,Engineering Project 01,DISC-004,Automation,78,0,78,0.00,
STAT-002,In Progress,Open,PRJ-014,Engineering Project 14,DISC-006,Project Management,34,31,32,141.03,
STAT-006,Delayed,Open,PRJ-001,Engineering Project 01,DISC-005,Civil,17,17,17,404.76,
STAT-005,Rejected,Review,PRJ-011,Engineering Project 11,DISC-005,Civil,12,12,12,201.17,
STAT-999,Invalid Status,Invalid Status,PRJ-001,Engineering Project 01,DISC-005,Civil,3,0,3,0.00,
STAT-002,In Progress,Open,PRJ-015,Engineering Project 15,,,4,1,4,4.75,
STAT-006,Delayed,Open,PRJ-008,Engineering Project 08,DISC-001,Process,12,12,12,281.08,
STAT-003,Under Review,Review,PRJ-004,Engineering Project 04,DISC-003,Electrical,35,35,35,339.89,352.97
STAT-006,Delayed,Open,PRJ-008,Engineering Project 08,DISC-004,Automation,16,16,16,256.06,
