responsible_engineer_id,engineer_name,role,discipline_id,team,location
ENG-001,Noah Andersen,Senior Engineer,DISC-006,Team Beta,India
ENG-002,Noah Berg,Discipline Lead,DISC-002,Team Alpha,Poland
ENG-003,Lucas Andersen,Junior Engineer,DISC-004,Team Beta,India
ENG-004,Felix Andersen,Discipline Lead,DISC-005,Team Beta,Poland
ENG-005,Mia Schmidt,Discipline Lead,DISC-004,Team Gamma,Denmark
ENG-006,Ella Moller,Senior Engineer,DISC-002,Team Beta,India
ENG-007,Noah Nielsen,Lead Engineer,DISC-003,Team Alpha,United States
ENG-008,Felix Larsen,Junior Engineer,DISC-003,Team Delta,Poland
ENG-009,Oscar Nielsen,Discipline Lead,DISC-001,Team Gamma,Poland
ENG-010,Clara Jensen,Junior Engineer,DISC-003,Team Alpha,India
ENG-011,Sofia Costa,Engineer,DISC-003,Team Alpha,Brazil
ENG-012,Hugo Berg,Senior Engineer,DISC-003,Team Beta,United States
ENG-013,Ava Berg,Senior Engineer,DISC-003,Team Alpha,Poland
ENG-014,Liam Rasmussen,Engineer,DISC-006,Team Beta,Brazil
ENG-015,Ethan Oliveira,Discipline Lead,DISC-004,Team Beta,United States
ENG-016,Mia Costa,Junior Engineer,DISC-001,Team Gamma,Brazil
ENG-017,Sofia Jensen,Discipline Lead,DISC-003,Team Gamma,India
ENG-018,Freja Pedersen,Lead Engineer,DISC-006,Team Beta,United States
ENG-019,Mia Silva,Discipline Lead,DISC-002,Team Gamma,Poland
ENG-020,Clara Pedersen,Senior Engineer,DISC-004,Team Beta,India
ENG-021,Freja Nielsen,Junior Engineer,DISC-005,Team Alpha,India
ENG-022,Liam Santos,Lead Engineer,DISC-006,Team Alpha,Brazil
ENG-023,Felix Schmidt,Discipline Lead,DISC-004,Team Gamma,Poland
ENG-024,Noah Berg,Discipline Lead,DISC-001,Team Gamma,United States
ENG-025,Isabella Pedersen,Engineer,DISC-001,Team Delta,Denmark
ENG-026,Ethan Rasmussen,Engineer,DISC-006,Team Alpha,United States
ENG-027,Maja Johansson,Engineer,DISC-006,Team Beta,United States
ENG-028,William Santos,Discipline Lead,DISC-002,Team Alpha,Poland
ENG-029,Freja Andersen,Junior Engineer,DISC-003,Team Gamma,United States
ENG-030,Lucas Jensen,Discipline Lead,DISC-002,Team Alpha,Denmark
ENG-031,Freja Costa,Junior Engineer,DISC-006,Team Beta,India
ENG-032,Freja Rasmussen,Engineer,DISC-006,Team Gamma,Poland
ENG-033,Ella Jensen,Discipline Lead,DISC-005,Team Beta,United States
ENG-034,Amelia Schmidt,Discipline Lead,DISC-004,Team Delta,Denmark
ENG-035,Mia Nielsen,Senior Engineer,DISC-002,Team Alpha,Poland
ENG-036,Mia Johansson,Engineer,DISC-005,Team Alpha,Denmark
ENG-037,Lucas Jensen,Junior Engineer,DISC-006,Team Alpha,United States
ENG-038,Maja Jensen,Senior Engineer,DISC-001,Team Delta,India
ENG-039,Olivia Silva,Discipline Lead,DISC-005,Team Delta,India
ENG-040,Ella Jensen,Junior Engineer,DISC-004,Team Alpha,Brazil
ENG-041,Ella Pedersen,Lead Engineer,DISC-003,Team Alpha,Denmark
ENG-042,Oscar Silva,Senior Engineer,DISC-001,Team Alpha,India
ENG-043,Ava Rasmussen,Lead Engineer,DISC-002,Team Beta,Brazil
ENG-044,Ethan Schmidt,Engineer,DISC-002,Team Alpha,Brazil
ENG-045,Noah Andersen,Discipline Lead,DISC-005,Team Alpha,Denmark
ENG-046,Liam Pedersen,Lead Engineer,DISC-002,Team Delta,India
ENG-047,Lucas Hansen,Lead Engineer,DISC-004,Team Alpha,Brazil
ENG-048,Hugo Larsen,Lead Engineer,DISC-003,Team Delta,India
ENG-049,Isabella Jensen,Junior Engineer,DISC-002,Team Alpha,United States
ENG-050,Lucas Johansson,Lead Engineer,DISC-001,Team Beta,Denmark
ENG-051,Sofia Costa,Engineer,DISC-005,Team Alpha,Poland
ENG-052,Mia Pedersen,Junior Engineer,DISC-001,Team Beta,Poland
ENG-053,Lucas Johansson,Junior Engineer,DISC-005,Team Delta,Poland
ENG-054,Maja Moller,Senior Engineer,DISC-005,Team Beta,United States
ENG-055,Ethan Pedersen,Engineer,DISC-002,Team Gamma,Brazil
ENG-056,Sofia Andersen,Lead Engineer,DISC-003,Team Alpha,Denmark
ENG-057,Ava Rasmussen,Senior Engineer,DISC-005,Team Beta,United States
ENG-058,Mia Moller,Senior Engineer,DISC-001,Team Beta,Brazil
ENG-059,Isabella Johansson,Discipline Lead,DISC-005,Team Alpha,Poland
ENG-060,Noah Oliveira,Engineer,DISC-003,Team Gamma,Denmark
ENG-061,William Hansen,Senior Engineer,DISC-001,Team Gamma,Poland
ENG-062,Leo Jensen,Senior Engineer,DISC-002,Team Delta,United States
ENG-063,Sofia Berg,Lead Engineer,DISC-001,Team Gamma,Denmark
ENG-064,Leo Santos,Engineer,DISC-001,Team Gamma,India
ENG-065,Hugo Rasmussen,Lead Engineer,DISC-006,Team Alpha,Denmark
ENG-066,Olivia Rasmussen,Junior Engineer,DISC-001,Team Gamma,Poland
ENG-067,Olivia Pedersen,Engineer,DISC-005,Team Alpha,United States
ENG-068,Lucas Oliveira,Senior Engineer,DISC-003,Team Beta,India
ENG-069,Noah Moller,Discipline Lead,DISC-006,Team Delta,Poland
ENG-070,Olivia Oliveira,Engineer,DISC-006,Team Beta,India
ENG-071,Emma Hansen,Senior Engineer,DISC-004,Team Delta,India
ENG-072,Liam Santos,Junior Engineer,DISC-003,Team Delta,Denmark
ENG-073,Mia Jensen,Lead Engineer,DISC-004,Team Gamma,United States
ENG-074,Mia Andersen,Engineer,DISC-002,Team Delta,United States
ENG-075,Sofia Santos,Senior Engineer,DISC-003,Team Gamma,Poland
ENG-076,William Moller,Junior Engineer,DISC-004,Team Alpha,United States
ENG-077,Clara Larsen,Junior Engineer,DISC-002,Team Alpha,Poland
ENG-078,Amelia Silva,Senior Engineer,DISC-004,Team Delta,Poland
ENG-079,Noah Pedersen,Discipline Lead,DISC-005,Team Beta,United States
ENG-080,Ella Andersen,Discipline Lead,DISC-001,Team Beta,United States
ENG-081,Sofia Berg,Senior Engineer,DISC-004,Team Gamma,Denmark
ENG-082,Isabella Rasmussen,Senior Engineer,DISC-006,Team Delta,United States
ENG-083,Isabella Rasmussen,Engineer,DISC-004,Team Beta,Brazil
ENG-084,Oscar Berg,Engineer,DISC-006,Team Gamma,Brazil
ENG-085,Emma Larsen,Senior Engineer,DISC-005,Team Beta,Brazil
ENG-086,Felix Berg,Senior Engineer,DISC-005,Team Delta,Brazil
ENG-087,Ava Rasmussen,Lead Engineer,DISC-004,Team Beta,Denmark
ENG-088,Maja Berg,Discipline Lead,DISC-003,Team Gamma,Denmark
ENG-089,Isabella Jensen,Engineer,DISC-002,Team Beta,Denmark
ENG-090,Mia Schmidt,Discipline Lead,DISC-001,Team Alpha,Brazil
ENG-091,Clara Jensen,Lead Engineer,DISC-004,Team Delta,Brazil
ENG-092,Olivia Berg,Junior Engineer,DISC-002,Team Alpha,Brazil
ENG-093,Liam Santos,Discipline Lead,DISC-002,Team Delta,Denmark
ENG-094,Mia Oliveira,Junior Engineer,DISC-005,Team Delta,India
ENG-095,Maja Rasmussen,Discipline Lead,DISC-004,Team Gamma,Brazil
ENG-096,Maja Pedersen,Discipline Lead,DISC-005,Team Delta,India
ENG-097,Freja Schmidt,Senior Engineer,DISC-006,Team Beta,United States
ENG-098,Freja Berg,Engineer,DISC-005,Team Gamma,Brazil
ENG-099,Isabella Jensen,Senior Engineer,DISC-001,Team Gamma,United States
ENG-100,Sofia Hansen,Engineer,DISC-005,Team Beta,Brazil
ENG-101,Olivia Silva,Engineer,DISC-006,Team Alpha,Brazil
ENG-102,Leo Rasmussen,Lead Engineer,DISC-004,Team Delta,Denmark
ENG-103,Ella Pedersen,Discipline Lead,DISC-002,Team Alpha,Poland
ENG-104,Freja Andersen,Senior Engineer,DISC-004,Team Gamma,Brazil
ENG-105,William Silva,Discipline Lead,DISC-004,Team Beta,Brazil
ENG-106,Ethan Pedersen,Lead Engineer,DISC-002,Team Alpha,Brazil
ENG-107,Oscar Silva,Engineer,DISC-003,Team Delta,India
ENG-108,William Andersen,Lead Engineer,DISC-005,Team Alpha,Denmark
ENG-109,Ella Hansen,Lead Engineer,DISC-006,Team Beta,Denmark
ENG-110,Oscar Moller,Engineer,DISC-003,Team Delta,United States
ENG-111,Oscar Larsen,Lead Engineer,DISC-003,Team Gamma,Denmark
ENG-112,Emma Silva,Discipline Lead,DISC-004,Team Alpha,United States
ENG-113,Sofia Santos,Junior Engineer,DISC-002,Team Alpha,India
ENG-114,Emma Johansson,Engineer,DISC-002,Team Beta,India
ENG-115,Noah Johansson,Engineer,DISC-004,Team Delta,United States
ENG-116,Liam Johansson,Discipline Lead,DISC-003,Team Alpha,India
ENG-117,Noah Johansson,Junior Engineer,DISC-003,Team Gamma,Poland
ENG-118,Oscar Pedersen,Engineer,DISC-006,Team Alpha,Poland
ENG-119,Mia Nielsen,Senior Engineer,DISC-006,Team Alpha,Poland
ENG-120,Amelia Rasmussen,Lead Engineer,DISC-001,Team Gamma,Denmark
